salary,season,career_AST,career_FG%,career_FG3%,career_FT%,career_G,career_PER,career_PTS,career_TRB,career_WS,career_eFG%,NAME,last3_avg_salary,GP,GS_x,MIN,FGM,FGA_x,FG%_x,3PM,3PA_x,3P%_x,FTM,FTA_x,FT%_x,OFF,DEF,TRB_x,AST_x,STL_x,BLK_x,PF_x,TOV_x,PTS_x,YR,POS,W,H,Rk,Age,Team,Pos,G,GS_y,MP,FG,FGA_y,FG%_y,3P,3PA_y,3P%_y,2P,2PA,2P%,eFG%,FT,FTA_y,FT%_y,ORB,DRB,TRB_y,AST_y,STL_y,BLK_y,TOV_y,PF_y,PTS_y,Trp-Dbl,Awards,Player-additional
2098560,2008-09,1.5,49.8,34.7,79.1,717,19.9,17.3,6.5,60.1,52.1,Brook Lopez,2098560.0,444,409,32.5,7.04,13.82,0.51,0.0,0.05,0.048,3.88,4.89,0.792,2.82,4.56,7.38,1.34,0.57,1.77,2.84,1.95,17.97,7,Center,125,213,98,35,MIL,C,79,79,2411,366,755,0.485,148,404,0.366,218,351,0.621,0.583,110,134,0.821,117,292,409,127,43,189,79,191,990,0,0,lopezbr01
2225880,2009-10,1.5,49.8,34.7,79.1,717,19.9,17.3,6.5,60.1,52.1,Brook Lopez,2162220.0,444,409,32.5,7.04,13.82,0.51,0.0,0.05,0.048,3.88,4.89,0.792,2.82,4.56,7.38,1.34,0.57,1.77,2.84,1.95,17.97,7,Center,125,213,98,35,MIL,C,79,79,2411,366,755,0.485,148,404,0.366,218,351,0.621,0.583,110,134,0.821,117,292,409,127,43,189,79,191,990,0,0,lopezbr01
2413320,2010-11,1.5,49.8,34.7,79.1,717,19.9,17.3,6.5,60.1,52.1,Brook Lopez,2245920.0,444,409,32.5,7.04,13.82,0.51,0.0,0.05,0.048,3.88,4.89,0.792,2.82,4.56,7.38,1.34,0.57,1.77,2.84,1.95,17.97,7,Center,125,213,98,35,MIL,C,79,79,2411,366,755,0.485,148,404,0.366,218,351,0.621,0.583,110,134,0.821,117,292,409,127,43,189,79,191,990,0,0,lopezbr01
3076983,2011-12,1.5,49.8,34.7,79.1,717,19.9,17.3,6.5,60.1,52.1,Brook Lopez,2572061.0,444,409,32.5,7.04,13.82,0.51,0.0,0.05,0.048,3.88,4.89,0.792,2.82,4.56,7.38,1.34,0.57,1.77,2.84,1.95,17.97,7,Center,125,213,98,35,MIL,C,79,79,2411,366,755,0.485,148,404,0.366,218,351,0.621,0.583,110,134,0.821,117,292,409,127,43,189,79,191,990,0,0,lopezbr01
13668750,2012-13,1.5,49.8,34.7,79.1,717,19.9,17.3,6.5,60.1,52.1,Brook Lopez,6386351.0,444,409,32.5,7.04,13.82,0.51,0.0,0.05,0.048,3.88,4.89,0.792,2.82,4.56,7.38,1.34,0.57,1.77,2.84,1.95,17.97,7,Center,125,213,98,35,MIL,C,79,79,2411,366,755,0.485,148,404,0.366,218,351,0.621,0.583,110,134,0.821,117,292,409,127,43,189,79,191,990,0,0,lopezbr01
14693906,2013-14,1.5,49.8,34.7,79.1,717,19.9,17.3,6.5,60.1,52.1,Brook Lopez,10479879.666666666,444,409,32.5,7.04,13.82,0.51,0.0,0.05,0.048,3.88,4.89,0.792,2.82,4.56,7.38,1.34,0.57,1.77,2.84,1.95,17.97,7,Center,125,213,98,35,MIL,C,79,79,2411,366,755,0.485,148,404,0.366,218,351,0.621,0.583,110,134,0.821,117,292,409,127,43,189,79,191,990,0,0,lopezbr01
15719063,2014-15,1.5,49.8,34.7,79.1,717,19.9,17.3,6.5,60.1,52.1,Brook Lopez,14693906.333333334,444,409,32.5,7.04,13.82,0.51,0.0,0.05,0.048,3.88,4.89,0.792,2.82,4.56,7.38,1.34,0.57,1.77,2.84,1.95,17.97,7,Center,125,213,98,35,MIL,C,79,79,2411,366,755,0.485,148,404,0.366,218,351,0.621,0.583,110,134,0.821,117,292,409,127,43,189,79,191,990,0,0,lopezbr01
20000000,2015-16,1.5,49.8,34.7,79.1,717,19.9,17.3,6.5,60.1,52.1,Brook Lopez,16804323.0,444,409,32.5,7.04,13.82,0.51,0.0,0.05,0.048,3.88,4.89,0.792,2.82,4.56,7.38,1.34,0.57,1.77,2.84,1.95,17.97,7,Center,125,213,98,35,MIL,C,79,79,2411,366,755,0.485,148,404,0.366,218,351,0.621,0.583,110,134,0.821,117,292,409,127,43,189,79,191,990,0,0,lopezbr01
21165675,2016-17,1.5,49.8,34.7,79.1,717,19.9,17.3,6.5,60.1,52.1,Brook Lopez,18961579.33333333,444,409,32.5,7.04,13.82,0.51,0.0,0.05,0.048,3.88,4.89,0.792,2.82,4.56,7.38,1.34,0.57,1.77,2.84,1.95,17.97,7,Center,125,213,98,35,MIL,C,79,79,2411,366,755,0.485,148,404,0.366,218,351,0.621,0.583,110,134,0.821,117,292,409,127,43,189,79,191,990,0,0,lopezbr01
22642350,2017-18,1.5,49.8,34.7,79.1,717,19.9,17.3,6.5,60.1,52.1,Brook Lopez,21269341.666666668,444,409,32.5,7.04,13.82,0.51,0.0,0.05,0.048,3.88,4.89,0.792,2.82,4.56,7.38,1.34,0.57,1.77,2.84,1.95,17.97,7,Center,125,213,98,35,MIL,C,79,79,2411,366,755,0.485,148,404,0.366,218,351,0.621,0.583,110,134,0.821,117,292,409,127,43,189,79,191,990,0,0,lopezbr01
3144240,2005-06,9.7,46.9,37.0,86.8,950,25.3,18.5,4.5,171.5,51.8,Chris Paul,3144240.0,725,725,36.1,6.58,13.9,0.473,1.08,2.97,0.365,4.41,5.12,0.862,0.69,3.66,4.35,9.91,2.34,0.1,2.48,2.41,18.65,1,Point Guard,79,183,205,38,GSW,PG,58,18,1531,206,467,0.441,78,210,0.371,128,257,0.498,0.525,43,52,0.827,18,207,225,393,70,6,76,108,533,0,0,paulch01
3380160,2006-07,9.7,46.9,37.0,86.8,950,25.3,18.5,4.5,171.5,51.8,Chris Paul,3262200.0,725,725,36.1,6.58,13.9,0.473,1.08,2.97,0.365,4.41,5.12,0.862,0.69,3.66,4.35,9.91,2.34,0.1,2.48,2.41,18.65,1,Point Guard,79,183,205,38,GSW,PG,58,18,1531,206,467,0.441,78,210,0.371,128,257,0.498,0.525,43,52,0.827,18,207,225,393,70,6,76,108,533,0,0,paulch01
3615960,2007-08,9.7,46.9,37.0,86.8,950,25.3,18.5,4.5,171.5,51.8,Chris Paul,3380120.0,725,725,36.1,6.58,13.9,0.473,1.08,2.97,0.365,4.41,5.12,0.862,0.69,3.66,4.35,9.91,2.34,0.1,2.48,2.41,18.65,1,Point Guard,79,183,205,38,GSW,PG,58,18,1531,206,467,0.441,78,210,0.371,128,257,0.498,0.525,43,52,0.827,18,207,225,393,70,6,76,108,533,0,0,paulch01
4574189,2008-09,9.7,46.9,37.0,86.8,950,25.3,18.5,4.5,171.5,51.8,Chris Paul,3856769.6666666665,725,725,36.1,6.58,13.9,0.473,1.08,2.97,0.365,4.41,5.12,0.862,0.69,3.66,4.35,9.91,2.34,0.1,2.48,2.41,18.65,1,Point Guard,79,183,205,38,GSW,PG,58,18,1531,206,467,0.441,78,210,0.371,128,257,0.498,0.525,43,52,0.827,18,207,225,393,70,6,76,108,533,0,0,paulch01
13520500,2009-10,9.7,46.9,37.0,86.8,950,25.3,18.5,4.5,171.5,51.8,Chris Paul,7236883.0,725,725,36.1,6.58,13.9,0.473,1.08,2.97,0.365,4.41,5.12,0.862,0.69,3.66,4.35,9.91,2.34,0.1,2.48,2.41,18.65,1,Point Guard,79,183,205,38,GSW,PG,58,18,1531,206,467,0.441,78,210,0.371,128,257,0.498,0.525,43,52,0.827,18,207,225,393,70,6,76,108,533,0,0,paulch01
14940153,2010-11,9.7,46.9,37.0,86.8,950,25.3,18.5,4.5,171.5,51.8,Chris Paul,11011614.0,725,725,36.1,6.58,13.9,0.473,1.08,2.97,0.365,4.41,5.12,0.862,0.69,3.66,4.35,9.91,2.34,0.1,2.48,2.41,18.65,1,Point Guard,79,183,205,38,GSW,PG,58,18,1531,206,467,0.441,78,210,0.371,128,257,0.498,0.525,43,52,0.827,18,207,225,393,70,6,76,108,533,0,0,paulch01
16359805,2011-12,9.7,46.9,37.0,86.8,950,25.3,18.5,4.5,171.5,51.8,Chris Paul,14940152.666666666,725,725,36.1,6.58,13.9,0.473,1.08,2.97,0.365,4.41,5.12,0.862,0.69,3.66,4.35,9.91,2.34,0.1,2.48,2.41,18.65,1,Point Guard,79,183,205,38,GSW,PG,58,18,1531,206,467,0.441,78,210,0.371,128,257,0.498,0.525,43,52,0.827,18,207,225,393,70,6,76,108,533,0,0,paulch01
17779458,2012-13,9.7,46.9,37.0,86.8,950,25.3,18.5,4.5,171.5,51.8,Chris Paul,16359805.333333334,725,725,36.1,6.58,13.9,0.473,1.08,2.97,0.365,4.41,5.12,0.862,0.69,3.66,4.35,9.91,2.34,0.1,2.48,2.41,18.65,1,Point Guard,79,183,205,38,GSW,PG,58,18,1531,206,467,0.441,78,210,0.371,128,257,0.498,0.525,43,52,0.827,18,207,225,393,70,6,76,108,533,0,0,paulch01
18668431,2013-14,9.7,46.9,37.0,86.8,950,25.3,18.5,4.5,171.5,51.8,Chris Paul,17602564.666666668,725,725,36.1,6.58,13.9,0.473,1.08,2.97,0.365,4.41,5.12,0.862,0.69,3.66,4.35,9.91,2.34,0.1,2.48,2.41,18.65,1,Point Guard,79,183,205,38,GSW,PG,58,18,1531,206,467,0.441,78,210,0.371,128,257,0.498,0.525,43,52,0.827,18,207,225,393,70,6,76,108,533,0,0,paulch01
20068563,2014-15,9.7,46.9,37.0,86.8,950,25.3,18.5,4.5,171.5,51.8,Chris Paul,18838817.33333333,725,725,36.1,6.58,13.9,0.473,1.08,2.97,0.365,4.41,5.12,0.862,0.69,3.66,4.35,9.91,2.34,0.1,2.48,2.41,18.65,1,Point Guard,79,183,205,38,GSW,PG,58,18,1531,206,467,0.441,78,210,0.371,128,257,0.498,0.525,43,52,0.827,18,207,225,393,70,6,76,108,533,0,0,paulch01
21468696,2015-16,9.7,46.9,37.0,86.8,950,25.3,18.5,4.5,171.5,51.8,Chris Paul,20068563.33333333,725,725,36.1,6.58,13.9,0.473,1.08,2.97,0.365,4.41,5.12,0.862,0.69,3.66,4.35,9.91,2.34,0.1,2.48,2.41,18.65,1,Point Guard,79,183,205,38,GSW,PG,58,18,1531,206,467,0.441,78,210,0.371,128,257,0.498,0.525,43,52,0.827,18,207,225,393,70,6,76,108,533,0,0,paulch01
22868827,2016-17,9.7,46.9,37.0,86.8,950,25.3,18.5,4.5,171.5,51.8,Chris Paul,21468695.33333333,725,725,36.1,6.58,13.9,0.473,1.08,2.97,0.365,4.41,5.12,0.862,0.69,3.66,4.35,9.91,2.34,0.1,2.48,2.41,18.65,1,Point Guard,79,183,205,38,GSW,PG,58,18,1531,206,467,0.441,78,210,0.371,128,257,0.498,0.525,43,52,0.827,18,207,225,393,70,6,76,108,533,0,0,paulch01
24599495,2017-18,9.7,46.9,37.0,86.8,950,25.3,18.5,4.5,171.5,51.8,Chris Paul,22979006.0,725,725,36.1,6.58,13.9,0.473,1.08,2.97,0.365,4.41,5.12,0.862,0.69,3.66,4.35,9.91,2.34,0.1,2.48,2.41,18.65,1,Point Guard,79,183,205,38,GSW,PG,58,18,1531,206,467,0.441,78,210,0.371,128,257,0.498,0.525,43,52,0.827,18,207,225,393,70,6,76,108,533,0,0,paulch01
457588,2009-10,1.6,42.4,40.4,81.7,620,13.2,9.0,3.5,39.2,54.9,Danny Green,457588.0,355,289,24.6,3.28,7.58,0.432,1.85,4.51,0.411,0.92,1.11,0.83,0.56,2.83,3.39,1.55,0.98,0.76,1.59,1.07,9.33,6,Small Forward,98,198,568,36,PHI,SG,2,0,18,0,2,0.0,0,1,0.0,0,1,0.0,0.0,0,0,0.0,0,2,2,1,1,0,0,1,0,0,0,greenda02
94154,2010-11,1.6,42.4,40.4,81.7,620,13.2,9.0,3.5,39.2,54.9,Danny Green,275871.0,355,289,24.6,3.28,7.58,0.432,1.85,4.51,0.411,0.92,1.11,0.83,0.56,2.83,3.39,1.55,0.98,0.76,1.59,1.07,9.33,6,Small Forward,98,198,568,36,PHI,SG,2,0,18,0,2,0.0,0,1,0.0,0,1,0.0,0.0,0,0,0.0,0,2,2,1,1,0,0,1,0,0,0,greenda02
854389,2011-12,1.6,42.4,40.4,81.7,620,13.2,9.0,3.5,39.2,54.9,Danny Green,468710.3333333333,355,289,24.6,3.28,7.58,0.432,1.85,4.51,0.411,0.92,1.11,0.83,0.56,2.83,3.39,1.55,0.98,0.76,1.59,1.07,9.33,6,Small Forward,98,198,568,36,PHI,SG,2,0,18,0,2,0.0,0,1,0.0,0,1,0.0,0.0,0,0,0.0,0,2,2,1,1,0,0,1,0,0,0,greenda02
3500000,2012-13,1.6,42.4,40.4,81.7,620,13.2,9.0,3.5,39.2,54.9,Danny Green,1482847.6666666667,355,289,24.6,3.28,7.58,0.432,1.85,4.51,0.411,0.92,1.11,0.83,0.56,2.83,3.39,1.55,0.98,0.76,1.59,1.07,9.33,6,Small Forward,98,198,568,36,PHI,SG,2,0,18,0,2,0.0,0,1,0.0,0,1,0.0,0.0,0,0,0.0,0,2,2,1,1,0,0,1,0,0,0,greenda02
3762500,2013-14,1.6,42.4,40.4,81.7,620,13.2,9.0,3.5,39.2,54.9,Danny Green,2705629.6666666665,355,289,24.6,3.28,7.58,0.432,1.85,4.51,0.411,0.92,1.11,0.83,0.56,2.83,3.39,1.55,0.98,0.76,1.59,1.07,9.33,6,Small Forward,98,198,568,36,PHI,SG,2,0,18,0,2,0.0,0,1,0.0,0,1,0.0,0.0,0,0,0.0,0,2,2,1,1,0,0,1,0,0,0,greenda02
4025000,2014-15,1.6,42.4,40.4,81.7,620,13.2,9.0,3.5,39.2,54.9,Danny Green,3762500.0,355,289,24.6,3.28,7.58,0.432,1.85,4.51,0.411,0.92,1.11,0.83,0.56,2.83,3.39,1.55,0.98,0.76,1.59,1.07,9.33,6,Small Forward,98,198,568,36,PHI,SG,2,0,18,0,2,0.0,0,1,0.0,0,1,0.0,0.0,0,0,0.0,0,2,2,1,1,0,0,1,0,0,0,greenda02
10000000,2015-16,1.6,42.4,40.4,81.7,620,13.2,9.0,3.5,39.2,54.9,Danny Green,5929166.666666667,355,289,24.6,3.28,7.58,0.432,1.85,4.51,0.411,0.92,1.11,0.83,0.56,2.83,3.39,1.55,0.98,0.76,1.59,1.07,9.33,6,Small Forward,98,198,568,36,PHI,SG,2,0,18,0,2,0.0,0,1,0.0,0,1,0.0,0.0,0,0,0.0,0,2,2,1,1,0,0,1,0,0,0,greenda02
10000000,2016-17,1.6,42.4,40.4,81.7,620,13.2,9.0,3.5,39.2,54.9,Danny Green,8008333.333333333,355,289,24.6,3.28,7.58,0.432,1.85,4.51,0.411,0.92,1.11,0.83,0.56,2.83,3.39,1.55,0.98,0.76,1.59,1.07,9.33,6,Small Forward,98,198,568,36,PHI,SG,2,0,18,0,2,0.0,0,1,0.0,0,1,0.0,0.0,0,0,0.0,0,2,2,1,1,0,0,1,0,0,0,greenda02
10000000,2017-18,1.6,42.4,40.4,81.7,620,13.2,9.0,3.5,39.2,54.9,Danny Green,10000000.0,355,289,24.6,3.28,7.58,0.432,1.85,4.51,0.411,0.92,1.11,0.83,0.56,2.83,3.39,1.55,0.98,0.76,1.59,1.07,9.33,6,Small Forward,98,198,568,36,PHI,SG,2,0,18,0,2,0.0,0,1,0.0,0,1,0.0,0.0,0,0,0.0,0,2,2,1,1,0,0,1,0,0,0,greenda02
550000,2008-09,0.9,67.0,9.1,46.6,819,18.5,9.6,10.9,83.4,67.0,DeAndre Jordan,550000.0,546,434,26.5,3.38,5.07,0.666,0.0,0.01,0.125,1.46,3.53,0.415,3.03,6.22,9.25,0.51,0.6,1.78,2.73,1.21,8.21,7,Center,120,211,381,35,DEN,C,36,2,396,58,93,0.624,0,0,0.0,58,93,0.624,0.624,26,53,0.491,54,103,157,26,6,16,23,56,142,0,0,jordade01
736420,2009-10,0.9,67.0,9.1,46.6,819,18.5,9.6,10.9,83.4,67.0,DeAndre Jordan,643210.0,546,434,26.5,3.38,5.07,0.666,0.0,0.01,0.125,1.46,3.53,0.415,3.03,6.22,9.25,0.51,0.6,1.78,2.73,1.21,8.21,7,Center,120,211,381,35,DEN,C,36,2,396,58,93,0.624,0,0,0.0,58,93,0.624,0.624,26,53,0.491,54,103,157,26,6,16,23,56,142,0,0,jordade01
854389,2010-11,0.9,67.0,9.1,46.6,819,18.5,9.6,10.9,83.4,67.0,DeAndre Jordan,713603.0,546,434,26.5,3.38,5.07,0.666,0.0,0.01,0.125,1.46,3.53,0.415,3.03,6.22,9.25,0.51,0.6,1.78,2.73,1.21,8.21,7,Center,120,211,381,35,DEN,C,36,2,396,58,93,0.624,0,0,0.0,58,93,0.624,0.624,26,53,0.491,54,103,157,26,6,16,23,56,142,0,0,jordade01
10079404,2011-12,0.9,67.0,9.1,46.6,819,18.5,9.6,10.9,83.4,67.0,DeAndre Jordan,3890071.0,546,434,26.5,3.38,5.07,0.666,0.0,0.01,0.125,1.46,3.53,0.415,3.03,6.22,9.25,0.51,0.6,1.78,2.73,1.21,8.21,7,Center,120,211,381,35,DEN,C,36,2,396,58,93,0.624,0,0,0.0,58,93,0.624,0.624,26,53,0.491,54,103,157,26,6,16,23,56,142,0,0,jordade01
10532977,2012-13,0.9,67.0,9.1,46.6,819,18.5,9.6,10.9,83.4,67.0,DeAndre Jordan,7155590.0,546,434,26.5,3.38,5.07,0.666,0.0,0.01,0.125,1.46,3.53,0.415,3.03,6.22,9.25,0.51,0.6,1.78,2.73,1.21,8.21,7,Center,120,211,381,35,DEN,C,36,2,396,58,93,0.624,0,0,0.0,58,93,0.624,0.624,26,53,0.491,54,103,157,26,6,16,23,56,142,0,0,jordade01
10986550,2013-14,0.9,67.0,9.1,46.6,819,18.5,9.6,10.9,83.4,67.0,DeAndre Jordan,10532977.0,546,434,26.5,3.38,5.07,0.666,0.0,0.01,0.125,1.46,3.53,0.415,3.03,6.22,9.25,0.51,0.6,1.78,2.73,1.21,8.21,7,Center,120,211,381,35,DEN,C,36,2,396,58,93,0.624,0,0,0.0,58,93,0.624,0.624,26,53,0.491,54,103,157,26,6,16,23,56,142,0,0,jordade01
11440124,2014-15,0.9,67.0,9.1,46.6,819,18.5,9.6,10.9,83.4,67.0,DeAndre Jordan,10986550.333333334,546,434,26.5,3.38,5.07,0.666,0.0,0.01,0.125,1.46,3.53,0.415,3.03,6.22,9.25,0.51,0.6,1.78,2.73,1.21,8.21,7,Center,120,211,381,35,DEN,C,36,2,396,58,93,0.624,0,0,0.0,58,93,0.624,0.624,26,53,0.491,54,103,157,26,6,16,23,56,142,0,0,jordade01
19500000,2015-16,0.9,67.0,9.1,46.6,819,18.5,9.6,10.9,83.4,67.0,DeAndre Jordan,13975558.0,546,434,26.5,3.38,5.07,0.666,0.0,0.01,0.125,1.46,3.53,0.415,3.03,6.22,9.25,0.51,0.6,1.78,2.73,1.21,8.21,7,Center,120,211,381,35,DEN,C,36,2,396,58,93,0.624,0,0,0.0,58,93,0.624,0.624,26,53,0.491,54,103,157,26,6,16,23,56,142,0,0,jordade01
21165675,2016-17,0.9,67.0,9.1,46.6,819,18.5,9.6,10.9,83.4,67.0,DeAndre Jordan,17368599.666666668,546,434,26.5,3.38,5.07,0.666,0.0,0.01,0.125,1.46,3.53,0.415,3.03,6.22,9.25,0.51,0.6,1.78,2.73,1.21,8.21,7,Center,120,211,381,35,DEN,C,36,2,396,58,93,0.624,0,0,0.0,58,93,0.624,0.624,26,53,0.491,54,103,157,26,6,16,23,56,142,0,0,jordade01
22642350,2017-18,0.9,67.0,9.1,46.6,819,18.5,9.6,10.9,83.4,67.0,DeAndre Jordan,21102675.0,546,434,26.5,3.38,5.07,0.666,0.0,0.01,0.125,1.46,3.53,0.415,3.03,6.22,9.25,0.51,0.6,1.78,2.73,1.21,8.21,7,Center,120,211,381,35,DEN,C,36,2,396,58,93,0.624,0,0,0.0,58,93,0.624,0.624,26,53,0.491,54,103,157,26,6,16,23,56,142,0,0,jordade01
4822800,2008-09,5.6,45.3,30.4,82.4,546,18.1,18.8,3.5,37.2,47.7,Derrick Rose,4822800.0,366,365,35.4,7.67,17.13,0.448,0.87,2.92,0.299,3.7,4.56,0.811,0.88,2.81,3.7,6.39,0.82,0.4,1.44,2.95,19.92,7,Point Guard,86,191,348,35,MEM,PG,24,7,399,76,165,0.461,15,41,0.366,61,124,0.492,0.506,24,27,0.889,7,38,45,78,8,2,31,21,191,0,0,rosede01
5184480,2009-10,5.6,45.3,30.4,82.4,546,18.1,18.8,3.5,37.2,47.7,Derrick Rose,5003640.0,366,365,35.4,7.67,17.13,0.448,0.87,2.92,0.299,3.7,4.56,0.811,0.88,2.81,3.7,6.39,0.82,0.4,1.44,2.95,19.92,7,Point Guard,86,191,348,35,MEM,PG,24,7,399,76,165,0.461,15,41,0.366,61,124,0.492,0.506,24,27,0.889,7,38,45,78,8,2,31,21,191,0,0,rosede01
5546160,2010-11,5.6,45.3,30.4,82.4,546,18.1,18.8,3.5,37.2,47.7,Derrick Rose,5184480.0,366,365,35.4,7.67,17.13,0.448,0.87,2.92,0.299,3.7,4.56,0.811,0.88,2.81,3.7,6.39,0.82,0.4,1.44,2.95,19.92,7,Point Guard,86,191,348,35,MEM,PG,24,7,399,76,165,0.461,15,41,0.366,61,124,0.492,0.506,24,27,0.889,7,38,45,78,8,2,31,21,191,0,0,rosede01
6993708,2011-12,5.6,45.3,30.4,82.4,546,18.1,18.8,3.5,37.2,47.7,Derrick Rose,5908116.0,366,365,35.4,7.67,17.13,0.448,0.87,2.92,0.299,3.7,4.56,0.811,0.88,2.81,3.7,6.39,0.82,0.4,1.44,2.95,19.92,7,Point Guard,86,191,348,35,MEM,PG,24,7,399,76,165,0.461,15,41,0.366,61,124,0.492,0.506,24,27,0.889,7,38,45,78,8,2,31,21,191,0,0,rosede01
16402500,2012-13,5.6,45.3,30.4,82.4,546,18.1,18.8,3.5,37.2,47.7,Derrick Rose,9647456.0,366,365,35.4,7.67,17.13,0.448,0.87,2.92,0.299,3.7,4.56,0.811,0.88,2.81,3.7,6.39,0.82,0.4,1.44,2.95,19.92,7,Point Guard,86,191,348,35,MEM,PG,24,7,399,76,165,0.461,15,41,0.366,61,124,0.492,0.506,24,27,0.889,7,38,45,78,8,2,31,21,191,0,0,rosede01
17632688,2013-14,5.6,45.3,30.4,82.4,546,18.1,18.8,3.5,37.2,47.7,Derrick Rose,13676298.666666666,366,365,35.4,7.67,17.13,0.448,0.87,2.92,0.299,3.7,4.56,0.811,0.88,2.81,3.7,6.39,0.82,0.4,1.44,2.95,19.92,7,Point Guard,86,191,348,35,MEM,PG,24,7,399,76,165,0.461,15,41,0.366,61,124,0.492,0.506,24,27,0.889,7,38,45,78,8,2,31,21,191,0,0,rosede01
18862875,2014-15,5.6,45.3,30.4,82.4,546,18.1,18.8,3.5,37.2,47.7,Derrick Rose,17632687.666666668,366,365,35.4,7.67,17.13,0.448,0.87,2.92,0.299,3.7,4.56,0.811,0.88,2.81,3.7,6.39,0.82,0.4,1.44,2.95,19.92,7,Point Guard,86,191,348,35,MEM,PG,24,7,399,76,165,0.461,15,41,0.366,61,124,0.492,0.506,24,27,0.889,7,38,45,78,8,2,31,21,191,0,0,rosede01
20093063,2015-16,5.6,45.3,30.4,82.4,546,18.1,18.8,3.5,37.2,47.7,Derrick Rose,18862875.33333333,366,365,35.4,7.67,17.13,0.448,0.87,2.92,0.299,3.7,4.56,0.811,0.88,2.81,3.7,6.39,0.82,0.4,1.44,2.95,19.92,7,Point Guard,86,191,348,35,MEM,PG,24,7,399,76,165,0.461,15,41,0.366,61,124,0.492,0.506,24,27,0.889,7,38,45,78,8,2,31,21,191,0,0,rosede01
21323250,2016-17,5.6,45.3,30.4,82.4,546,18.1,18.8,3.5,37.2,47.7,Derrick Rose,20093062.666666668,366,365,35.4,7.67,17.13,0.448,0.87,2.92,0.299,3.7,4.56,0.811,0.88,2.81,3.7,6.39,0.82,0.4,1.44,2.95,19.92,7,Point Guard,86,191,348,35,MEM,PG,24,7,399,76,165,0.461,15,41,0.366,61,124,0.492,0.506,24,27,0.889,7,38,45,78,8,2,31,21,191,0,0,rosede01
1356709,2017-18,5.6,45.3,30.4,82.4,546,18.1,18.8,3.5,37.2,47.7,Derrick Rose,14257674.0,366,365,35.4,7.67,17.13,0.448,0.87,2.92,0.299,3.7,4.56,0.811,0.88,2.81,3.7,6.39,0.82,0.4,1.44,2.95,19.92,7,Point Guard,86,191,348,35,MEM,PG,24,7,399,76,165,0.461,15,41,0.366,61,124,0.492,0.506,24,27,0.889,7,38,45,78,8,2,31,21,191,0,0,rosede01
749761,2017-18,5.6,45.3,30.4,82.4,546,18.1,18.8,3.5,37.2,47.7,Derrick Rose,7809906.666666667,366,365,35.4,7.67,17.13,0.448,0.87,2.92,0.299,3.7,4.56,0.811,0.88,2.81,3.7,6.39,0.82,0.4,1.44,2.95,19.92,7,Point Guard,86,191,348,35,MEM,PG,24,7,399,76,165,0.461,15,41,0.366,61,124,0.492,0.506,24,27,0.889,7,38,45,78,8,2,31,21,191,0,0,rosede01
290951,2017-18,5.6,45.3,30.4,82.4,546,18.1,18.8,3.5,37.2,47.7,Derrick Rose,799140.3333333334,366,365,35.4,7.67,17.13,0.448,0.87,2.92,0.299,3.7,4.56,0.811,0.88,2.81,3.7,6.39,0.82,0.4,1.44,2.95,19.92,7,Point Guard,86,191,348,35,MEM,PG,24,7,399,76,165,0.461,15,41,0.366,61,124,0.492,0.506,24,27,0.889,7,38,45,78,8,2,31,21,191,0,0,rosede01
2798040,2012-13,1.5,44.6,37.4,79.5,540,13.3,13.6,4.9,29.7,50.0,Harrison Barnes,2798040.0,258,204,27.5,3.67,8.26,0.444,0.88,2.34,0.374,1.63,2.2,0.741,1.0,3.59,4.58,1.41,0.75,0.22,1.84,1.06,9.85,3,Small Forward,95,203,96,31,SAC,PF,82,82,2381,347,732,0.474,149,385,0.387,198,347,0.571,0.576,157,196,0.801,67,182,249,99,54,12,58,98,1000,0,0,barneha02
2923920,2013-14,1.5,44.6,37.4,79.5,540,13.3,13.6,4.9,29.7,50.0,Harrison Barnes,2860980.0,258,204,27.5,3.67,8.26,0.444,0.88,2.34,0.374,1.63,2.2,0.741,1.0,3.59,4.58,1.41,0.75,0.22,1.84,1.06,9.85,3,Small Forward,95,203,96,31,SAC,PF,82,82,2381,347,732,0.474,149,385,0.387,198,347,0.571,0.576,157,196,0.801,67,182,249,99,54,12,58,98,1000,0,0,barneha02
3049920,2014-15,1.5,44.6,37.4,79.5,540,13.3,13.6,4.9,29.7,50.0,Harrison Barnes,2923960.0,258,204,27.5,3.67,8.26,0.444,0.88,2.34,0.374,1.63,2.2,0.741,1.0,3.59,4.58,1.41,0.75,0.22,1.84,1.06,9.85,3,Small Forward,95,203,96,31,SAC,PF,82,82,2381,347,732,0.474,149,385,0.387,198,347,0.571,0.576,157,196,0.801,67,182,249,99,54,12,58,98,1000,0,0,barneha02
3873398,2015-16,1.5,44.6,37.4,79.5,540,13.3,13.6,4.9,29.7,50.0,Harrison Barnes,3282412.6666666665,258,204,27.5,3.67,8.26,0.444,0.88,2.34,0.374,1.63,2.2,0.741,1.0,3.59,4.58,1.41,0.75,0.22,1.84,1.06,9.85,3,Small Forward,95,203,96,31,SAC,PF,82,82,2381,347,732,0.474,149,385,0.387,198,347,0.571,0.576,157,196,0.801,67,182,249,99,54,12,58,98,1000,0,0,barneha02
22116750,2016-17,1.5,44.6,37.4,79.5,540,13.3,13.6,4.9,29.7,50.0,Harrison Barnes,9680022.666666666,258,204,27.5,3.67,8.26,0.444,0.88,2.34,0.374,1.63,2.2,0.741,1.0,3.59,4.58,1.41,0.75,0.22,1.84,1.06,9.85,3,Small Forward,95,203,96,31,SAC,PF,82,82,2381,347,732,0.474,149,385,0.387,198,347,0.571,0.576,157,196,0.801,67,182,249,99,54,12,58,98,1000,0,0,barneha02
23112004,2017-18,1.5,44.6,37.4,79.5,540,13.3,13.6,4.9,29.7,50.0,Harrison Barnes,16367384.0,258,204,27.5,3.67,8.26,0.444,0.88,2.34,0.374,1.63,2.2,0.741,1.0,3.59,4.58,1.41,0.75,0.22,1.84,1.06,9.85,3,Small Forward,95,203,96,31,SAC,PF,82,82,2381,347,732,0.474,149,385,0.387,198,347,0.571,0.576,157,196,0.801,67,182,249,99,54,12,58,98,1000,0,0,barneha02
1392240,2008-09,0.4,57.0,7.4,58.8,633,19.5,8.0,5.1,31.9,57.0,JaVale McGee,1392240.0,393,158,19.6,3.48,6.44,0.541,0.0,0.01,0.2,1.35,2.31,0.584,2.02,3.45,5.47,0.35,0.4,1.76,2.34,1.09,8.32,7,Center,122,213,352,36,SAC,C,46,0,339,79,132,0.598,1,7,0.143,78,125,0.624,0.602,26,45,0.578,42,84,126,17,14,20,34,46,185,0,0,mcgeeja01
1496640,2009-10,0.4,57.0,7.4,58.8,633,19.5,8.0,5.1,31.9,57.0,JaVale McGee,1444440.0,393,158,19.6,3.48,6.44,0.541,0.0,0.01,0.2,1.35,2.31,0.584,2.02,3.45,5.47,0.35,0.4,1.76,2.34,1.09,8.32,7,Center,122,213,352,36,SAC,C,46,0,339,79,132,0.598,1,7,0.143,78,125,0.624,0.602,26,45,0.578,42,84,126,17,14,20,34,46,185,0,0,mcgeeja01
1601040,2010-11,0.4,57.0,7.4,58.8,633,19.5,8.0,5.1,31.9,57.0,JaVale McGee,1496640.0,393,158,19.6,3.48,6.44,0.541,0.0,0.01,0.2,1.35,2.31,0.584,2.02,3.45,5.47,0.35,0.4,1.76,2.34,1.09,8.32,7,Center,122,213,352,36,SAC,C,46,0,339,79,132,0.598,1,7,0.143,78,125,0.624,0.602,26,45,0.578,42,84,126,17,14,20,34,46,185,0,0,mcgeeja01
2462400,2011-12,0.4,57.0,7.4,58.8,633,19.5,8.0,5.1,31.9,57.0,JaVale McGee,1853360.0,393,158,19.6,3.48,6.44,0.541,0.0,0.01,0.2,1.35,2.31,0.584,2.02,3.45,5.47,0.35,0.4,1.76,2.34,1.09,8.32,7,Center,122,213,352,36,SAC,C,46,0,339,79,132,0.598,1,7,0.143,78,125,0.624,0.602,26,45,0.578,42,84,126,17,14,20,34,46,185,0,0,mcgeeja01
10000000,2012-13,0.4,57.0,7.4,58.8,633,19.5,8.0,5.1,31.9,57.0,JaVale McGee,4687813.333333333,393,158,19.6,3.48,6.44,0.541,0.0,0.01,0.2,1.35,2.31,0.584,2.02,3.45,5.47,0.35,0.4,1.76,2.34,1.09,8.32,7,Center,122,213,352,36,SAC,C,46,0,339,79,132,0.598,1,7,0.143,78,125,0.624,0.602,26,45,0.578,42,84,126,17,14,20,34,46,185,0,0,mcgeeja01
10750000,2013-14,0.4,57.0,7.4,58.8,633,19.5,8.0,5.1,31.9,57.0,JaVale McGee,7737466.666666667,393,158,19.6,3.48,6.44,0.541,0.0,0.01,0.2,1.35,2.31,0.584,2.02,3.45,5.47,0.35,0.4,1.76,2.34,1.09,8.32,7,Center,122,213,352,36,SAC,C,46,0,339,79,132,0.598,1,7,0.143,78,125,0.624,0.602,26,45,0.578,42,84,126,17,14,20,34,46,185,0,0,mcgeeja01
11250000,2014-15,0.4,57.0,7.4,58.8,633,19.5,8.0,5.1,31.9,57.0,JaVale McGee,10666666.666666666,393,158,19.6,3.48,6.44,0.541,0.0,0.01,0.2,1.35,2.31,0.584,2.02,3.45,5.47,0.35,0.4,1.76,2.34,1.09,8.32,7,Center,122,213,352,36,SAC,C,46,0,339,79,132,0.598,1,7,0.143,78,125,0.624,0.602,26,45,0.578,42,84,126,17,14,20,34,46,185,0,0,mcgeeja01
12000000,2015-16,0.4,57.0,7.4,58.8,633,19.5,8.0,5.1,31.9,57.0,JaVale McGee,11333333.333333334,393,158,19.6,3.48,6.44,0.541,0.0,0.01,0.2,1.35,2.31,0.584,2.02,3.45,5.47,0.35,0.4,1.76,2.34,1.09,8.32,7,Center,122,213,352,36,SAC,C,46,0,339,79,132,0.598,1,7,0.143,78,125,0.624,0.602,26,45,0.578,42,84,126,17,14,20,34,46,185,0,0,mcgeeja01
1270964,2015-16,0.4,57.0,7.4,58.8,633,19.5,8.0,5.1,31.9,57.0,JaVale McGee,8173654.666666667,393,158,19.6,3.48,6.44,0.541,0.0,0.01,0.2,1.35,2.31,0.584,2.02,3.45,5.47,0.35,0.4,1.76,2.34,1.09,8.32,7,Center,122,213,352,36,SAC,C,46,0,339,79,132,0.598,1,7,0.143,78,125,0.624,0.602,26,45,0.578,42,84,126,17,14,20,34,46,185,0,0,mcgeeja01
1403611,2016-17,0.4,57.0,7.4,58.8,633,19.5,8.0,5.1,31.9,57.0,JaVale McGee,4891525.0,393,158,19.6,3.48,6.44,0.541,0.0,0.01,0.2,1.35,2.31,0.584,2.02,3.45,5.47,0.35,0.4,1.76,2.34,1.09,8.32,7,Center,122,213,352,36,SAC,C,46,0,339,79,132,0.598,1,7,0.143,78,125,0.624,0.602,26,45,0.578,42,84,126,17,14,20,34,46,185,0,0,mcgeeja01
1471382,2017-18,0.4,57.0,7.4,58.8,633,19.5,8.0,5.1,31.9,57.0,JaVale McGee,1381985.6666666667,393,158,19.6,3.48,6.44,0.541,0.0,0.01,0.2,1.35,2.31,0.584,2.02,3.45,5.47,0.35,0.4,1.76,2.34,1.09,8.32,7,Center,122,213,352,36,SAC,C,46,0,339,79,132,0.598,1,7,0.143,78,125,0.624,0.602,26,45,0.578,42,84,126,17,14,20,34,46,185,0,0,mcgeeja01
4054160,2009-10,6.2,44.3,36.5,85.7,765,24.4,24.3,5.2,121.9,52.5,James Harden,4054160.0,484,271,32.7,5.96,13.51,0.441,2.0,5.46,0.367,6.31,7.38,0.855,0.71,3.68,4.39,4.6,1.44,0.44,2.48,2.83,20.24,6,Shooting Guard,100,196,66,34,LAC,PG,72,72,2470,352,822,0.428,186,488,0.381,166,334,0.497,0.541,302,344,0.878,34,335,369,614,77,57,185,127,1192,3,0,hardeja01
4304520,2010-11,6.2,44.3,36.5,85.7,765,24.4,24.3,5.2,121.9,52.5,James Harden,4179340.0,484,271,32.7,5.96,13.51,0.441,2.0,5.46,0.367,6.31,7.38,0.855,0.71,3.68,4.39,4.6,1.44,0.44,2.48,2.83,20.24,6,Shooting Guard,100,196,66,34,LAC,PG,72,72,2470,352,822,0.428,186,488,0.381,166,334,0.497,0.541,302,344,0.878,34,335,369,614,77,57,185,127,1192,3,0,hardeja01
4604760,2011-12,6.2,44.3,36.5,85.7,765,24.4,24.3,5.2,121.9,52.5,James Harden,4321146.666666667,484,271,32.7,5.96,13.51,0.441,2.0,5.46,0.367,6.31,7.38,0.855,0.71,3.68,4.39,4.6,1.44,0.44,2.48,2.83,20.24,6,Shooting Guard,100,196,66,34,LAC,PG,72,72,2470,352,822,0.428,186,488,0.381,166,334,0.497,0.541,302,344,0.878,34,335,369,614,77,57,185,127,1192,3,0,hardeja01
5820417,2012-13,6.2,44.3,36.5,85.7,765,24.4,24.3,5.2,121.9,52.5,James Harden,4909899.0,484,271,32.7,5.96,13.51,0.441,2.0,5.46,0.367,6.31,7.38,0.855,0.71,3.68,4.39,4.6,1.44,0.44,2.48,2.83,20.24,6,Shooting Guard,100,196,66,34,LAC,PG,72,72,2470,352,822,0.428,186,488,0.381,166,334,0.497,0.541,302,344,0.878,34,335,369,614,77,57,185,127,1192,3,0,hardeja01
13701250,2013-14,6.2,44.3,36.5,85.7,765,24.4,24.3,5.2,121.9,52.5,James Harden,8042142.333333333,484,271,32.7,5.96,13.51,0.441,2.0,5.46,0.367,6.31,7.38,0.855,0.71,3.68,4.39,4.6,1.44,0.44,2.48,2.83,20.24,6,Shooting Guard,100,196,66,34,LAC,PG,72,72,2470,352,822,0.428,186,488,0.381,166,334,0.497,0.541,302,344,0.878,34,335,369,614,77,57,185,127,1192,3,0,hardeja01
14728844,2014-15,6.2,44.3,36.5,85.7,765,24.4,24.3,5.2,121.9,52.5,James Harden,11416837.0,484,271,32.7,5.96,13.51,0.441,2.0,5.46,0.367,6.31,7.38,0.855,0.71,3.68,4.39,4.6,1.44,0.44,2.48,2.83,20.24,6,Shooting Guard,100,196,66,34,LAC,PG,72,72,2470,352,822,0.428,186,488,0.381,166,334,0.497,0.541,302,344,0.878,34,335,369,614,77,57,185,127,1192,3,0,hardeja01
15756438,2015-16,6.2,44.3,36.5,85.7,765,24.4,24.3,5.2,121.9,52.5,James Harden,14728844.0,484,271,32.7,5.96,13.51,0.441,2.0,5.46,0.367,6.31,7.38,0.855,0.71,3.68,4.39,4.6,1.44,0.44,2.48,2.83,20.24,6,Shooting Guard,100,196,66,34,LAC,PG,72,72,2470,352,822,0.428,186,488,0.381,166,334,0.497,0.541,302,344,0.878,34,335,369,614,77,57,185,127,1192,3,0,hardeja01
26540100,2016-17,6.2,44.3,36.5,85.7,765,24.4,24.3,5.2,121.9,52.5,James Harden,19008460.666666668,484,271,32.7,5.96,13.51,0.441,2.0,5.46,0.367,6.31,7.38,0.855,0.71,3.68,4.39,4.6,1.44,0.44,2.48,2.83,20.24,6,Shooting Guard,100,196,66,34,LAC,PG,72,72,2470,352,822,0.428,186,488,0.381,166,334,0.497,0.541,302,344,0.878,34,335,369,614,77,57,185,127,1192,3,0,hardeja01
28299399,2017-18,6.2,44.3,36.5,85.7,765,24.4,24.3,5.2,121.9,52.5,James Harden,23531979.0,484,271,32.7,5.96,13.51,0.441,2.0,5.46,0.367,6.31,7.38,0.855,0.71,3.68,4.39,4.6,1.44,0.44,2.48,2.83,20.24,6,Shooting Guard,100,196,66,34,LAC,PG,72,72,2470,352,822,0.428,186,488,0.381,166,334,0.497,0.541,302,344,0.878,34,335,369,614,77,57,185,127,1192,3,0,hardeja01
4171200,2007-08,4.1,49.3,38.1,88.3,849,25.2,27.0,7.1,141.7,54.2,Kevin Durant,4171200.0,593,593,37.9,9.16,19.0,0.482,1.71,4.49,0.38,7.24,8.22,0.881,0.8,6.14,6.94,3.55,1.23,0.99,1.87,3.22,27.28,8,Small Forward,109,206,7,35,PHO,PF,75,75,2791,751,1436,0.523,168,407,0.413,583,1029,0.567,0.581,362,423,0.856,41,454,495,378,69,91,244,133,2032,1,MVP-9ASNBA2,duranke01
4484040,2008-09,4.1,49.3,38.1,88.3,849,25.2,27.0,7.1,141.7,54.2,Kevin Durant,4327620.0,593,593,37.9,9.16,19.0,0.482,1.71,4.49,0.38,7.24,8.22,0.881,0.8,6.14,6.94,3.55,1.23,0.99,1.87,3.22,27.28,8,Small Forward,109,206,7,35,PHO,PF,75,75,2791,751,1436,0.523,168,407,0.413,583,1029,0.567,0.581,362,423,0.856,41,454,495,378,69,91,244,133,2032,1,MVP-9ASNBA2,duranke01
4796880,2009-10,4.1,49.3,38.1,88.3,849,25.2,27.0,7.1,141.7,54.2,Kevin Durant,4484040.0,593,593,37.9,9.16,19.0,0.482,1.71,4.49,0.38,7.24,8.22,0.881,0.8,6.14,6.94,3.55,1.23,0.99,1.87,3.22,27.28,8,Small Forward,109,206,7,35,PHO,PF,75,75,2791,751,1436,0.523,168,407,0.413,583,1029,0.567,0.581,362,423,0.856,41,454,495,378,69,91,244,133,2032,1,MVP-9ASNBA2,duranke01
6053663,2010-11,4.1,49.3,38.1,88.3,849,25.2,27.0,7.1,141.7,54.2,Kevin Durant,5111527.666666667,593,593,37.9,9.16,19.0,0.482,1.71,4.49,0.38,7.24,8.22,0.881,0.8,6.14,6.94,3.55,1.23,0.99,1.87,3.22,27.28,8,Small Forward,109,206,7,35,PHO,PF,75,75,2791,751,1436,0.523,168,407,0.413,583,1029,0.567,0.581,362,423,0.856,41,454,495,378,69,91,244,133,2032,1,MVP-9ASNBA2,duranke01
15506632,2011-12,4.1,49.3,38.1,88.3,849,25.2,27.0,7.1,141.7,54.2,Kevin Durant,8785725.0,593,593,37.9,9.16,19.0,0.482,1.71,4.49,0.38,7.24,8.22,0.881,0.8,6.14,6.94,3.55,1.23,0.99,1.87,3.22,27.28,8,Small Forward,109,206,7,35,PHO,PF,75,75,2791,751,1436,0.523,168,407,0.413,583,1029,0.567,0.581,362,423,0.856,41,454,495,378,69,91,244,133,2032,1,MVP-9ASNBA2,duranke01
16669630,2012-13,4.1,49.3,38.1,88.3,849,25.2,27.0,7.1,141.7,54.2,Kevin Durant,12743308.333333334,593,593,37.9,9.16,19.0,0.482,1.71,4.49,0.38,7.24,8.22,0.881,0.8,6.14,6.94,3.55,1.23,0.99,1.87,3.22,27.28,8,Small Forward,109,206,7,35,PHO,PF,75,75,2791,751,1436,0.523,168,407,0.413,583,1029,0.567,0.581,362,423,0.856,41,454,495,378,69,91,244,133,2032,1,MVP-9ASNBA2,duranke01
17832627,2013-14,4.1,49.3,38.1,88.3,849,25.2,27.0,7.1,141.7,54.2,Kevin Durant,16669629.666666666,593,593,37.9,9.16,19.0,0.482,1.71,4.49,0.38,7.24,8.22,0.881,0.8,6.14,6.94,3.55,1.23,0.99,1.87,3.22,27.28,8,Small Forward,109,206,7,35,PHO,PF,75,75,2791,751,1436,0.523,168,407,0.413,583,1029,0.567,0.581,362,423,0.856,41,454,495,378,69,91,244,133,2032,1,MVP-9ASNBA2,duranke01
18995624,2014-15,4.1,49.3,38.1,88.3,849,25.2,27.0,7.1,141.7,54.2,Kevin Durant,17832627.0,593,593,37.9,9.16,19.0,0.482,1.71,4.49,0.38,7.24,8.22,0.881,0.8,6.14,6.94,3.55,1.23,0.99,1.87,3.22,27.28,8,Small Forward,109,206,7,35,PHO,PF,75,75,2791,751,1436,0.523,168,407,0.413,583,1029,0.567,0.581,362,423,0.856,41,454,495,378,69,91,244,133,2032,1,MVP-9ASNBA2,duranke01
20158622,2015-16,4.1,49.3,38.1,88.3,849,25.2,27.0,7.1,141.7,54.2,Kevin Durant,18995624.33333333,593,593,37.9,9.16,19.0,0.482,1.71,4.49,0.38,7.24,8.22,0.881,0.8,6.14,6.94,3.55,1.23,0.99,1.87,3.22,27.28,8,Small Forward,109,206,7,35,PHO,PF,75,75,2791,751,1436,0.523,168,407,0.413,583,1029,0.567,0.581,362,423,0.856,41,454,495,378,69,91,244,133,2032,1,MVP-9ASNBA2,duranke01
26540100,2016-17,4.1,49.3,38.1,88.3,849,25.2,27.0,7.1,141.7,54.2,Kevin Durant,21898115.33333333,593,593,37.9,9.16,19.0,0.482,1.71,4.49,0.38,7.24,8.22,0.881,0.8,6.14,6.94,3.55,1.23,0.99,1.87,3.22,27.28,8,Small Forward,109,206,7,35,PHO,PF,75,75,2791,751,1436,0.523,168,407,0.413,583,1029,0.567,0.581,362,423,0.856,41,454,495,378,69,91,244,133,2032,1,MVP-9ASNBA2,duranke01
25000000,2017-18,4.1,49.3,38.1,88.3,849,25.2,27.0,7.1,141.7,54.2,Kevin Durant,23899574.0,593,593,37.9,9.16,19.0,0.482,1.71,4.49,0.38,7.24,8.22,0.881,0.8,6.14,6.94,3.55,1.23,0.99,1.87,3.22,27.28,8,Small Forward,109,206,7,35,PHO,PF,75,75,2791,751,1436,0.523,168,407,0.413,583,1029,0.567,0.581,362,423,0.856,41,454,495,378,69,91,244,133,2032,1,MVP-9ASNBA2,duranke01
1011720,2006-07,6.1,42.4,36.7,80.5,856,18.4,14.4,4.3,86.7,50.5,Kyle Lowry,1011720.0,607,371,29.8,4.18,10.03,0.417,1.35,3.84,0.351,3.19,3.99,0.799,0.85,3.12,3.97,5.6,1.32,0.26,2.72,2.1,12.89,9,Point Guard,89,185,226,37,2TM,PG,60,55,1690,163,377,0.432,98,250,0.392,65,127,0.512,0.562,63,75,0.84,34,160,194,253,59,21,85,146,487,0,0,lowryky01
1087680,2007-08,6.1,42.4,36.7,80.5,856,18.4,14.4,4.3,86.7,50.5,Kyle Lowry,1049700.0,607,371,29.8,4.18,10.03,0.417,1.35,3.84,0.351,3.19,3.99,0.799,0.85,3.12,3.97,5.6,1.32,0.26,2.72,2.1,12.89,9,Point Guard,89,185,226,37,2TM,PG,60,55,1690,163,377,0.432,98,250,0.392,65,127,0.512,0.562,63,75,0.84,34,160,194,253,59,21,85,146,487,0,0,lowryky01
1163520,2008-09,6.1,42.4,36.7,80.5,856,18.4,14.4,4.3,86.7,50.5,Kyle Lowry,1087640.0,607,371,29.8,4.18,10.03,0.417,1.35,3.84,0.351,3.19,3.99,0.799,0.85,3.12,3.97,5.6,1.32,0.26,2.72,2.1,12.89,9,Point Guard,89,185,226,37,2TM,PG,60,55,1690,163,377,0.432,98,250,0.392,65,127,0.512,0.562,63,75,0.84,34,160,194,253,59,21,85,146,487,0,0,lowryky01
2034997,2009-10,6.1,42.4,36.7,80.5,856,18.4,14.4,4.3,86.7,50.5,Kyle Lowry,1428732.3333333333,607,371,29.8,4.18,10.03,0.417,1.35,3.84,0.351,3.19,3.99,0.799,0.85,3.12,3.97,5.6,1.32,0.26,2.72,2.1,12.89,9,Point Guard,89,185,226,37,2TM,PG,60,55,1690,163,377,0.432,98,250,0.392,65,127,0.512,0.562,63,75,0.84,34,160,194,253,59,21,85,146,487,0,0,lowryky01
5750000,2010-11,6.1,42.4,36.7,80.5,856,18.4,14.4,4.3,86.7,50.5,Kyle Lowry,2982839.0,607,371,29.8,4.18,10.03,0.417,1.35,3.84,0.351,3.19,3.99,0.799,0.85,3.12,3.97,5.6,1.32,0.26,2.72,2.1,12.89,9,Point Guard,89,185,226,37,2TM,PG,60,55,1690,163,377,0.432,98,250,0.392,65,127,0.512,0.562,63,75,0.84,34,160,194,253,59,21,85,146,487,0,0,lowryky01
5750000,2011-12,6.1,42.4,36.7,80.5,856,18.4,14.4,4.3,86.7,50.5,Kyle Lowry,4511665.666666667,607,371,29.8,4.18,10.03,0.417,1.35,3.84,0.351,3.19,3.99,0.799,0.85,3.12,3.97,5.6,1.32,0.26,2.72,2.1,12.89,9,Point Guard,89,185,226,37,2TM,PG,60,55,1690,163,377,0.432,98,250,0.392,65,127,0.512,0.562,63,75,0.84,34,160,194,253,59,21,85,146,487,0,0,lowryky01
5750000,2012-13,6.1,42.4,36.7,80.5,856,18.4,14.4,4.3,86.7,50.5,Kyle Lowry,5750000.0,607,371,29.8,4.18,10.03,0.417,1.35,3.84,0.351,3.19,3.99,0.799,0.85,3.12,3.97,5.6,1.32,0.26,2.72,2.1,12.89,9,Point Guard,89,185,226,37,2TM,PG,60,55,1690,163,377,0.432,98,250,0.392,65,127,0.512,0.562,63,75,0.84,34,160,194,253,59,21,85,146,487,0,0,lowryky01
6210000,2013-14,6.1,42.4,36.7,80.5,856,18.4,14.4,4.3,86.7,50.5,Kyle Lowry,5903333.333333333,607,371,29.8,4.18,10.03,0.417,1.35,3.84,0.351,3.19,3.99,0.799,0.85,3.12,3.97,5.6,1.32,0.26,2.72,2.1,12.89,9,Point Guard,89,185,226,37,2TM,PG,60,55,1690,163,377,0.432,98,250,0.392,65,127,0.512,0.562,63,75,0.84,34,160,194,253,59,21,85,146,487,0,0,lowryky01
12000000,2014-15,6.1,42.4,36.7,80.5,856,18.4,14.4,4.3,86.7,50.5,Kyle Lowry,7986666.666666667,607,371,29.8,4.18,10.03,0.417,1.35,3.84,0.351,3.19,3.99,0.799,0.85,3.12,3.97,5.6,1.32,0.26,2.72,2.1,12.89,9,Point Guard,89,185,226,37,2TM,PG,60,55,1690,163,377,0.432,98,250,0.392,65,127,0.512,0.562,63,75,0.84,34,160,194,253,59,21,85,146,487,0,0,lowryky01
12000000,2015-16,6.1,42.4,36.7,80.5,856,18.4,14.4,4.3,86.7,50.5,Kyle Lowry,10070000.0,607,371,29.8,4.18,10.03,0.417,1.35,3.84,0.351,3.19,3.99,0.799,0.85,3.12,3.97,5.6,1.32,0.26,2.72,2.1,12.89,9,Point Guard,89,185,226,37,2TM,PG,60,55,1690,163,377,0.432,98,250,0.392,65,127,0.512,0.562,63,75,0.84,34,160,194,253,59,21,85,146,487,0,0,lowryky01
12000000,2016-17,6.1,42.4,36.7,80.5,856,18.4,14.4,4.3,86.7,50.5,Kyle Lowry,12000000.0,607,371,29.8,4.18,10.03,0.417,1.35,3.84,0.351,3.19,3.99,0.799,0.85,3.12,3.97,5.6,1.32,0.26,2.72,2.1,12.89,9,Point Guard,89,185,226,37,2TM,PG,60,55,1690,163,377,0.432,98,250,0.392,65,127,0.512,0.562,63,75,0.84,34,160,194,253,59,21,85,146,487,0,0,lowryky01
28703704,2017-18,6.1,42.4,36.7,80.5,856,18.4,14.4,4.3,86.7,50.5,Kyle Lowry,17567901.333333332,607,371,29.8,4.18,10.03,0.417,1.35,3.84,0.351,3.19,3.99,0.799,0.85,3.12,3.97,5.6,1.32,0.26,2.72,2.1,12.89,9,Point Guard,89,185,226,37,2TM,PG,60,55,1690,163,377,0.432,98,250,0.392,65,127,0.512,0.562,63,75,0.84,34,160,194,253,59,21,85,146,487,0,0,lowryky01
1298640,2013-14,2.2,57.0,7.4,56.5,471,17.8,8.5,6.3,31.0,57.1,Mason Plumlee,1298640.0,184,99,21.1,3.22,5.46,0.589,0.0,0.04,0.0,1.96,3.51,0.558,1.97,3.95,5.92,1.2,0.76,0.81,2.63,1.38,8.39,2,Power Forward,111,211,317,33,LAC,C,46,11,674,87,153,0.569,0,6,0.0,87,147,0.592,0.569,70,99,0.707,60,174,234,55,14,17,36,68,244,0,0,plumlma01
1357080,2014-15,2.2,57.0,7.4,56.5,471,17.8,8.5,6.3,31.0,57.1,Mason Plumlee,1327860.0,184,99,21.1,3.22,5.46,0.589,0.0,0.04,0.0,1.96,3.51,0.558,1.97,3.95,5.92,1.2,0.76,0.81,2.63,1.38,8.39,2,Power Forward,111,211,317,33,LAC,C,46,11,674,87,153,0.569,0,6,0.0,87,147,0.592,0.569,70,99,0.707,60,174,234,55,14,17,36,68,244,0,0,plumlma01
1415520,2015-16,2.2,57.0,7.4,56.5,471,17.8,8.5,6.3,31.0,57.1,Mason Plumlee,1357080.0,184,99,21.1,3.22,5.46,0.589,0.0,0.04,0.0,1.96,3.51,0.558,1.97,3.95,5.92,1.2,0.76,0.81,2.63,1.38,8.39,2,Power Forward,111,211,317,33,LAC,C,46,11,674,87,153,0.569,0,6,0.0,87,147,0.592,0.569,70,99,0.707,60,174,234,55,14,17,36,68,244,0,0,plumlma01
2328530,2016-17,2.2,57.0,7.4,56.5,471,17.8,8.5,6.3,31.0,57.1,Mason Plumlee,1700376.6666666667,184,99,21.1,3.22,5.46,0.589,0.0,0.04,0.0,1.96,3.51,0.558,1.97,3.95,5.92,1.2,0.76,0.81,2.63,1.38,8.39,2,Power Forward,111,211,317,33,LAC,C,46,11,674,87,153,0.569,0,6,0.0,87,147,0.592,0.569,70,99,0.707,60,174,234,55,14,17,36,68,244,0,0,plumlma01
14041096,2017-18,2.2,57.0,7.4,56.5,471,17.8,8.5,6.3,31.0,57.1,Mason Plumlee,5928382.0,184,99,21.1,3.22,5.46,0.589,0.0,0.04,0.0,1.96,3.51,0.558,1.97,3.95,5.92,1.2,0.76,0.81,2.63,1.38,8.39,2,Power Forward,111,211,317,33,LAC,C,46,11,674,87,153,0.569,0,6,0.0,87,147,0.592,0.569,70,99,0.707,60,174,234,55,14,17,36,68,244,0,0,plumlma01
3377160,2007-08,5.7,44.1,37.5,81.9,788,17.7,14.9,3.0,71.4,49.8,Mike Conley,3377160.0,613,584,32.5,4.95,11.26,0.44,1.15,3.08,0.373,2.42,3.0,0.806,0.42,2.42,2.85,5.59,1.53,0.18,2.01,2.04,13.48,8,Point Guard,79,185,120,36,MIN,PG,76,76,2193,294,644,0.457,179,405,0.442,115,239,0.481,0.595,102,112,0.911,37,181,218,449,88,17,102,128,869,0,0,conlemi01
3630480,2008-09,5.7,44.1,37.5,81.9,788,17.7,14.9,3.0,71.4,49.8,Mike Conley,3503820.0,613,584,32.5,4.95,11.26,0.44,1.15,3.08,0.373,2.42,3.0,0.806,0.42,2.42,2.85,5.59,1.53,0.18,2.01,2.04,13.48,8,Point Guard,79,185,120,36,MIN,PG,76,76,2193,294,644,0.457,179,405,0.442,115,239,0.481,0.595,102,112,0.911,37,181,218,449,88,17,102,128,869,0,0,conlemi01
3883800,2009-10,5.7,44.1,37.5,81.9,788,17.7,14.9,3.0,71.4,49.8,Mike Conley,3630480.0,613,584,32.5,4.95,11.26,0.44,1.15,3.08,0.373,2.42,3.0,0.806,0.42,2.42,2.85,5.59,1.53,0.18,2.01,2.04,13.48,8,Point Guard,79,185,120,36,MIN,PG,76,76,2193,294,644,0.457,179,405,0.442,115,239,0.481,0.595,102,112,0.911,37,181,218,449,88,17,102,128,869,0,0,conlemi01
4913007,2010-11,5.7,44.1,37.5,81.9,788,17.7,14.9,3.0,71.4,49.8,Mike Conley,4142429.0,613,584,32.5,4.95,11.26,0.44,1.15,3.08,0.373,2.42,3.0,0.806,0.42,2.42,2.85,5.59,1.53,0.18,2.01,2.04,13.48,8,Point Guard,79,185,120,36,MIN,PG,76,76,2193,294,644,0.457,179,405,0.442,115,239,0.481,0.595,102,112,0.911,37,181,218,449,88,17,102,128,869,0,0,conlemi01
6611571,2011-12,5.7,44.1,37.5,81.9,788,17.7,14.9,3.0,71.4,49.8,Mike Conley,5136126.0,613,584,32.5,4.95,11.26,0.44,1.15,3.08,0.373,2.42,3.0,0.806,0.42,2.42,2.85,5.59,1.53,0.18,2.01,2.04,13.48,8,Point Guard,79,185,120,36,MIN,PG,76,76,2193,294,644,0.457,179,405,0.442,115,239,0.481,0.595,102,112,0.911,37,181,218,449,88,17,102,128,869,0,0,conlemi01
7305786,2012-13,5.7,44.1,37.5,81.9,788,17.7,14.9,3.0,71.4,49.8,Mike Conley,6276788.0,613,584,32.5,4.95,11.26,0.44,1.15,3.08,0.373,2.42,3.0,0.806,0.42,2.42,2.85,5.59,1.53,0.18,2.01,2.04,13.48,8,Point Guard,79,185,120,36,MIN,PG,76,76,2193,294,644,0.457,179,405,0.442,115,239,0.481,0.595,102,112,0.911,37,181,218,449,88,17,102,128,869,0,0,conlemi01
8000001,2013-14,5.7,44.1,37.5,81.9,788,17.7,14.9,3.0,71.4,49.8,Mike Conley,7305786.0,613,584,32.5,4.95,11.26,0.44,1.15,3.08,0.373,2.42,3.0,0.806,0.42,2.42,2.85,5.59,1.53,0.18,2.01,2.04,13.48,8,Point Guard,79,185,120,36,MIN,PG,76,76,2193,294,644,0.457,179,405,0.442,115,239,0.481,0.595,102,112,0.911,37,181,218,449,88,17,102,128,869,0,0,conlemi01
8894216,2014-15,5.7,44.1,37.5,81.9,788,17.7,14.9,3.0,71.4,49.8,Mike Conley,8066667.666666667,613,584,32.5,4.95,11.26,0.44,1.15,3.08,0.373,2.42,3.0,0.806,0.42,2.42,2.85,5.59,1.53,0.18,2.01,2.04,13.48,8,Point Guard,79,185,120,36,MIN,PG,76,76,2193,294,644,0.457,179,405,0.442,115,239,0.481,0.595,102,112,0.911,37,181,218,449,88,17,102,128,869,0,0,conlemi01
9588426,2015-16,5.7,44.1,37.5,81.9,788,17.7,14.9,3.0,71.4,49.8,Mike Conley,8827547.666666666,613,584,32.5,4.95,11.26,0.44,1.15,3.08,0.373,2.42,3.0,0.806,0.42,2.42,2.85,5.59,1.53,0.18,2.01,2.04,13.48,8,Point Guard,79,185,120,36,MIN,PG,76,76,2193,294,644,0.457,179,405,0.442,115,239,0.481,0.595,102,112,0.911,37,181,218,449,88,17,102,128,869,0,0,conlemi01
26540100,2016-17,5.7,44.1,37.5,81.9,788,17.7,14.9,3.0,71.4,49.8,Mike Conley,15007580.666666666,613,584,32.5,4.95,11.26,0.44,1.15,3.08,0.373,2.42,3.0,0.806,0.42,2.42,2.85,5.59,1.53,0.18,2.01,2.04,13.48,8,Point Guard,79,185,120,36,MIN,PG,76,76,2193,294,644,0.457,179,405,0.442,115,239,0.481,0.595,102,112,0.911,37,181,218,449,88,17,102,128,869,0,0,conlemi01
28530608,2017-18,5.7,44.1,37.5,81.9,788,17.7,14.9,3.0,71.4,49.8,Mike Conley,21553044.666666668,613,584,32.5,4.95,11.26,0.44,1.15,3.08,0.373,2.42,3.0,0.806,0.42,2.42,2.85,5.59,1.53,0.18,2.01,2.04,13.48,8,Point Guard,79,185,120,36,MIN,PG,76,76,2193,294,644,0.457,179,405,0.442,115,239,0.481,0.595,102,112,0.911,37,181,218,449,88,17,102,128,869,0,0,conlemi01
412718,2006-07,1.4,42.2,36.1,74.4,582,10.9,7.4,5.7,30.0,50.1,P.J. Tucker,412718.0,287,219,26.9,2.85,6.44,0.442,0.71,2.01,0.352,1.25,1.68,0.745,1.63,3.86,5.49,1.44,1.09,0.24,2.13,1.07,7.66,4,Small Forward,111,198,447,38,2TM,PF,31,10,486,18,50,0.36,13,35,0.371,5,15,0.333,0.49,3,3,1.0,28,57,85,16,16,7,8,54,52,0,0,tuckepj01
762195,2012-13,1.4,42.2,36.1,74.4,582,10.9,7.4,5.7,30.0,50.1,P.J. Tucker,587456.5,287,219,26.9,2.85,6.44,0.442,0.71,2.01,0.352,1.25,1.68,0.745,1.63,3.86,5.49,1.44,1.09,0.24,2.13,1.07,7.66,4,Small Forward,111,198,447,38,2TM,PF,31,10,486,18,50,0.36,13,35,0.371,5,15,0.333,0.49,3,3,1.0,28,57,85,16,16,7,8,54,52,0,0,tuckepj01
884293,2013-14,1.4,42.2,36.1,74.4,582,10.9,7.4,5.7,30.0,50.1,P.J. Tucker,686402.0,287,219,26.9,2.85,6.44,0.442,0.71,2.01,0.352,1.25,1.68,0.745,1.63,3.86,5.49,1.44,1.09,0.24,2.13,1.07,7.66,4,Small Forward,111,198,447,38,2TM,PF,31,10,486,18,50,0.36,13,35,0.371,5,15,0.333,0.49,3,3,1.0,28,57,85,16,16,7,8,54,52,0,0,tuckepj01
5700000,2014-15,1.4,42.2,36.1,74.4,582,10.9,7.4,5.7,30.0,50.1,P.J. Tucker,2448829.333333333,287,219,26.9,2.85,6.44,0.442,0.71,2.01,0.352,1.25,1.68,0.745,1.63,3.86,5.49,1.44,1.09,0.24,2.13,1.07,7.66,4,Small Forward,111,198,447,38,2TM,PF,31,10,486,18,50,0.36,13,35,0.371,5,15,0.333,0.49,3,3,1.0,28,57,85,16,16,7,8,54,52,0,0,tuckepj01
5500000,2015-16,1.4,42.2,36.1,74.4,582,10.9,7.4,5.7,30.0,50.1,P.J. Tucker,4028097.6666666665,287,219,26.9,2.85,6.44,0.442,0.71,2.01,0.352,1.25,1.68,0.745,1.63,3.86,5.49,1.44,1.09,0.24,2.13,1.07,7.66,4,Small Forward,111,198,447,38,2TM,PF,31,10,486,18,50,0.36,13,35,0.371,5,15,0.333,0.49,3,3,1.0,28,57,85,16,16,7,8,54,52,0,0,tuckepj01
5300000,2016-17,1.4,42.2,36.1,74.4,582,10.9,7.4,5.7,30.0,50.1,P.J. Tucker,5500000.0,287,219,26.9,2.85,6.44,0.442,0.71,2.01,0.352,1.25,1.68,0.745,1.63,3.86,5.49,1.44,1.09,0.24,2.13,1.07,7.66,4,Small Forward,111,198,447,38,2TM,PF,31,10,486,18,50,0.36,13,35,0.371,5,15,0.333,0.49,3,3,1.0,28,57,85,16,16,7,8,54,52,0,0,tuckepj01
7590035,2017-18,1.4,42.2,36.1,74.4,582,10.9,7.4,5.7,30.0,50.1,P.J. Tucker,6130011.666666667,287,219,26.9,2.85,6.44,0.442,0.71,2.01,0.352,1.25,1.68,0.745,1.63,3.86,5.49,1.44,1.09,0.24,2.13,1.07,7.66,4,Small Forward,111,198,447,38,2TM,PF,31,10,486,18,50,0.36,13,35,0.371,5,15,0.333,0.49,3,3,1.0,28,57,85,16,16,7,8,54,52,0,0,tuckepj01
281377,2012-13,3.5,41.2,38.0,77.0,380,12.5,9.0,4.3,24.8,51.7,Patrick Beverley,281377.0,178,127,27.1,3.15,7.85,0.401,1.61,4.4,0.365,0.99,1.26,0.782,1.11,2.3,3.42,2.9,1.14,0.43,2.92,1.27,8.89,3,Point Guard,84,185,235,35,2TM,PG,73,13,1462,158,379,0.417,61,181,0.337,97,198,0.49,0.497,74,90,0.822,49,190,239,212,43,31,65,128,451,0,0,beverpa01
788872,2013-14,3.5,41.2,38.0,77.0,380,12.5,9.0,4.3,24.8,51.7,Patrick Beverley,535124.5,178,127,27.1,3.15,7.85,0.401,1.61,4.4,0.365,0.99,1.26,0.782,1.11,2.3,3.42,2.9,1.14,0.43,2.92,1.27,8.89,3,Point Guard,84,185,235,35,2TM,PG,73,13,1462,158,379,0.417,61,181,0.337,97,198,0.49,0.497,74,90,0.822,49,190,239,212,43,31,65,128,451,0,0,beverpa01
915243,2014-15,3.5,41.2,38.0,77.0,380,12.5,9.0,4.3,24.8,51.7,Patrick Beverley,661830.6666666666,178,127,27.1,3.15,7.85,0.401,1.61,4.4,0.365,0.99,1.26,0.782,1.11,2.3,3.42,2.9,1.14,0.43,2.92,1.27,8.89,3,Point Guard,84,185,235,35,2TM,PG,73,13,1462,158,379,0.417,61,181,0.337,97,198,0.49,0.497,74,90,0.822,49,190,239,212,43,31,65,128,451,0,0,beverpa01
6500000,2015-16,3.5,41.2,38.0,77.0,380,12.5,9.0,4.3,24.8,51.7,Patrick Beverley,2734705.0,178,127,27.1,3.15,7.85,0.401,1.61,4.4,0.365,0.99,1.26,0.782,1.11,2.3,3.42,2.9,1.14,0.43,2.92,1.27,8.89,3,Point Guard,84,185,235,35,2TM,PG,73,13,1462,158,379,0.417,61,181,0.337,97,198,0.49,0.497,74,90,0.822,49,190,239,212,43,31,65,128,451,0,0,beverpa01
6000000,2016-17,3.5,41.2,38.0,77.0,380,12.5,9.0,4.3,24.8,51.7,Patrick Beverley,4471747.666666667,178,127,27.1,3.15,7.85,0.401,1.61,4.4,0.365,0.99,1.26,0.782,1.11,2.3,3.42,2.9,1.14,0.43,2.92,1.27,8.89,3,Point Guard,84,185,235,35,2TM,PG,73,13,1462,158,379,0.417,61,181,0.337,97,198,0.49,0.497,74,90,0.822,49,190,239,212,43,31,65,128,451,0,0,beverpa01
5513514,2017-18,3.5,41.2,38.0,77.0,380,12.5,9.0,4.3,24.8,51.7,Patrick Beverley,6004504.666666667,178,127,27.1,3.15,7.85,0.401,1.61,4.4,0.365,0.99,1.26,0.782,1.11,2.3,3.42,2.9,1.14,0.43,2.92,1.27,8.89,3,Point Guard,84,185,235,35,2TM,PG,73,13,1462,158,379,0.417,61,181,0.337,97,198,0.49,0.497,74,90,0.822,49,190,239,212,43,31,65,128,451,0,0,beverpa01
