Rk,NAME,Age,Team,Pos,G,GS,MP,FG,FGA,FG%,3P,3PA,3P%,2P,2PA,2P%,eFG%,FT,FTA,FT%,ORB,DRB,TRB,AST,STL,BLK,TOV,PF,PTS,Trp-Dbl,Awards,Player-additional
1,Luka Dončić,24,DAL,PG,70,70,2624,804,1652,.487,284,744,.382,520,908,.573,.573,478,608,.786,59,588,647,686,99,38,282,149,2370,21,MVP-3CPOY-6ASNBA1,doncilu01
2,Shai Gilgeous-Alexander,25,OKC,PG,75,75,2553,796,1487,.535,95,269,.353,701,1218,.576,.567,567,649,.874,65,350,415,465,150,67,162,184,2254,0,MVP-2DPOY-7CPOY-3ASNBA1,gilgesh01
3,Giannis Antetokounmpo,29,MIL,PF,73,73,2567,837,1369,.611,34,124,.274,803,1245,.645,.624,514,782,.657,196,645,841,476,87,79,250,210,2222,10,MVP-4DPOY-9CPOY-12ASNBA1,antetgi01
4,Jalen Brunson,27,NYK,PG,77,77,2726,790,1648,.479,211,526,.401,579,1122,.516,.543,421,497,.847,43,235,278,519,70,13,186,144,2212,0,MVP-5CPOY-5ASNBA2,brunsja01
5,Nikola Jokić,28,DEN,C,79,79,2737,822,1411,.583,83,231,.359,739,1180,.626,.612,358,438,.817,223,753,976,708,108,68,237,194,2085,25,MVP-1CPOY-4ASNBA1,jokicni01
6,Anthony Edwards,22,MIN,SG,79,78,2770,718,1558,.461,190,532,.357,528,1026,.515,.522,423,506,.836,52,378,430,405,101,42,241,141,2049,0,MVP-7CPOY-8ASNBA2,edwaran01
7,Kevin Durant,35,PHO,PF,75,75,2791,751,1436,.523,168,407,.413,583,1029,.567,.581,362,423,.856,41,454,495,378,69,91,244,133,2032,1,MVP-9ASNBA2,duranke01
8,Jayson Tatum,25,BOS,PF,74,74,2645,672,1426,.471,229,609,.376,443,817,.542,.552,414,497,.833,67,534,601,364,75,43,188,145,1987,0,MVP-6CPOY-9ASNBA1,tatumja01
9,De'Aaron Fox,26,SAC,PG,74,74,2659,720,1549,.465,214,580,.369,506,969,.522,.534,312,423,.738,67,273,340,418,150,31,194,193,1966,0,CPOY-12,foxde01
10,Stephen Curry,35,GSW,PG,74,74,2421,650,1445,.450,357,876,.408,293,569,.515,.573,299,324,.923,37,293,330,379,54,28,210,117,1956,0,CPOY-1ASNBA3,curryst01
11,DeMar DeRozan,34,CHI,SF,79,79,2989,650,1355,.480,75,225,.333,575,1130,.509,.507,522,612,.853,43,297,340,421,90,45,135,161,1897,0,CPOY-2,derozde01
12,Anthony Davis,30,LAL,C,76,76,2700,713,1283,.556,29,107,.271,684,1176,.582,.567,421,516,.816,239,722,961,266,91,178,159,177,1876,2,DPOY-4ASNBA2DEF1,davisan02
13,Devin Booker,27,PHO,PG,68,68,2447,642,1305,.492,152,418,.364,490,887,.552,.550,405,457,.886,56,252,308,472,61,28,178,206,1841,0,ASNBA3,bookede01
14,LeBron James,39,LAL,PF,71,71,2504,685,1269,.540,149,363,.410,536,906,.592,.599,303,404,.750,61,457,518,589,89,38,245,78,1822,5,CPOY-10ASNBA3,jamesle01
15,Tyrese Maxey,23,PHI,PG,70,70,2626,638,1419,.450,212,569,.373,426,850,.501,.524,328,378,.868,36,222,258,433,69,33,116,151,1816,0,MIP-1AS,maxeyty01
17,Damian Lillard,33,MIL,PG,73,73,2579,541,1277,.424,220,622,.354,321,655,.490,.510,473,514,.920,36,284,320,508,72,18,193,134,1775,0,CPOY-11AS,lillada01
18,Dejounte Murray,27,ATL,SG,78,78,2783,672,1463,.459,201,554,.363,471,909,.518,.528,208,262,.794,62,354,416,502,111,24,201,138,1753,1,0,murrade01
19,Pascal Siakam,29,2TM,PF,80,80,2657,681,1271,.536,85,246,.346,596,1025,.581,.569,290,396,.732,139,426,565,342,63,25,141,193,1737,1,0,siakapa01
20,Paul George,33,LAC,PF,74,74,2502,582,1236,.471,243,588,.413,339,648,.523,.569,264,291,.907,37,351,388,262,113,37,153,202,1671,0,AS,georgpa01
22,Jaylen Brown,27,BOS,SF,70,70,2343,627,1256,.499,145,410,.354,482,846,.570,.557,211,300,.703,84,303,387,249,83,37,166,185,1610,1,AS,brownja02
23,Jalen Green,21,HOU,SG,82,82,2601,563,1332,.423,201,605,.332,362,727,.498,.498,283,352,.804,41,382,423,291,66,28,191,115,1610,1,0,greenja05
24,Mikal Bridges,27,BRK,SF,82,82,2854,564,1294,.436,220,592,.372,344,702,.490,.521,258,317,.814,68,304,372,299,81,30,164,116,1606,0,0,bridgmi01
26,Domantas Sabonis,27,SAC,C,82,82,2928,634,1068,.594,33,87,.379,601,981,.613,.609,292,415,.704,294,826,1120,673,74,48,272,250,1593,26,MVP-8DPOY-10NBA3,sabondo01
27,Kyle Kuzma,28,WAS,PF,70,70,2281,608,1313,.463,151,450,.336,457,863,.530,.521,186,240,.775,62,402,464,296,37,49,192,153,1553,0,0,kuzmaky01
29,Coby White,23,CHI,PG,79,78,2881,541,1209,.447,209,556,.376,332,653,.508,.534,218,260,.838,44,314,358,405,53,18,166,186,1509,0,0,whiteco01
30,Kyrie Irving,31,DAL,SG,58,58,2030,562,1131,.497,173,421,.411,389,710,.548,.573,190,210,.905,44,246,290,299,74,28,106,112,1487,0,CPOY-7,irvinky01
31,Jaren Jackson Jr.,24,MEM,C,66,66,2124,516,1162,.444,117,366,.320,399,796,.501,.494,337,417,.808,85,280,365,154,80,106,160,235,1486,0,0,jacksja02
32,Cam Thomas,22,BRK,SG,66,51,2075,526,1190,.442,144,396,.364,382,794,.481,.503,286,334,.856,28,186,214,192,45,16,124,138,1482,0,0,thomaca02
33,Donovan Mitchell,27,CLE,SG,55,55,1942,503,1089,.462,182,494,.368,321,595,.539,.545,275,318,.865,46,234,280,333,101,30,154,118,1463,0,AS,mitchdo01
34,Collin Sexton,25,UTA,SG,78,51,2075,506,1038,.487,128,325,.394,378,713,.530,.549,318,370,.859,71,134,205,383,62,18,165,154,1458,0,0,sextoco01
36,Franz Wagner,22,ORL,SF,72,72,2337,528,1096,.482,94,334,.281,434,762,.570,.525,271,319,.850,72,309,381,269,76,28,137,168,1421,0,0,wagnefr01
37,Cade Cunningham,22,DET,PG,62,62,2074,524,1167,.449,119,335,.355,405,832,.487,.500,238,274,.869,33,235,268,464,56,22,212,153,1405,0,0,cunnica01
38,Tyrese Haliburton,23,IND,PG,69,68,2224,500,1048,.477,195,535,.364,305,513,.595,.570,194,227,.855,35,236,271,752,83,48,159,75,1389,1,ASNBA3,halibty01
39,Trae Young,25,ATL,PG,54,54,1942,433,1008,.430,175,469,.373,258,539,.479,.516,348,407,.855,23,126,149,583,72,11,235,109,1389,0,AS,youngtr01
40,Klay Thompson,33,GSW,SF,77,63,2284,490,1133,.432,268,692,.387,222,441,.503,.551,127,137,.927,35,219,254,176,50,35,117,127,1375,0,0,thompkl01
41,Nikola Vučević,33,CHI,C,76,74,2610,586,1211,.484,92,313,.294,494,898,.550,.522,106,129,.822,210,591,801,254,50,60,120,190,1370,0,0,vucevni01
42,D'Angelo Russell,27,LAL,PG,76,69,2484,492,1080,.456,226,545,.415,266,535,.497,.560,159,192,.828,28,208,236,482,69,36,156,156,1369,0,0,russeda01
43,Bam Adebayo,26,MIA,C,71,71,2416,530,1017,.521,15,42,.357,515,975,.528,.529,292,387,.755,159,578,737,278,81,66,162,159,1367,2,DPOY-3ASDEF1,adebaba01
45,Jordan Poole,24,WAS,SG,78,66,2346,490,1186,.413,184,564,.326,306,622,.492,.491,192,219,.877,32,180,212,343,86,25,188,244,1356,0,0,poolejo01
46,Michael Porter Jr.,25,DEN,SF,81,81,2565,522,1079,.484,220,554,.397,302,525,.575,.586,92,110,.836,106,459,565,122,42,53,92,148,1356,0,0,portemi01
48,Joel Embiid,29,PHI,C,39,39,1309,450,851,.529,54,139,.388,396,712,.556,.561,399,452,.883,95,335,430,219,46,66,150,112,1353,2,AS,embiijo01
49,Karl-Anthony Towns,28,MIN,PF,62,62,2026,479,951,.504,136,327,.416,343,624,.550,.575,255,292,.873,94,421,515,189,43,41,177,204,1349,0,AS,townska01
50,Bogdan Bogdanović,31,ATL,SG,79,33,2401,471,1100,.428,240,641,.374,231,459,.503,.537,151,164,.921,53,219,272,247,96,26,112,179,1333,0,6MOY-5,bogdabo01
51,Brandon Ingram,26,NOP,SF,64,64,2103,500,1017,.492,86,242,.355,414,775,.534,.534,246,307,.801,43,281,324,363,50,40,163,145,1332,1,0,ingrabr01
52,Alperen Şengün,21,HOU,C,63,63,2046,527,982,.537,33,111,.297,494,871,.567,.553,244,352,.693,183,406,589,312,76,46,162,211,1331,2,0,sengual01
53,Devin Vassell,23,SAS,SG,68,62,2248,498,1056,.472,166,446,.372,332,610,.544,.550,161,201,.801,27,234,261,277,73,23,108,74,1323,0,0,vassede01
54,CJ McCollum,32,NOP,PG,66,66,2159,484,1055,.459,239,557,.429,245,498,.492,.572,115,139,.827,39,247,286,305,62,41,110,126,1322,0,0,mccolcj01
55,Myles Turner,27,IND,C,77,77,2076,476,909,.524,116,324,.358,360,585,.615,.587,245,317,.773,113,420,533,100,39,144,109,232,1313,0,0,turnemy01
56,Austin Reaves,25,LAL,SG,82,57,2629,457,940,.486,154,420,.367,303,520,.583,.568,232,272,.853,57,295,352,450,66,25,174,153,1300,1,0,reaveau01
58,Lauri Markkanen,26,UTA,PF,55,55,1820,427,890,.480,175,439,.399,252,451,.559,.578,249,277,.899,122,327,449,110,50,26,77,100,1278,0,0,markkla01
59,Jarrett Allen,25,CLE,C,77,77,2442,519,819,.634,0,6,.000,519,813,.638,.634,233,314,.742,243,568,811,210,53,81,121,147,1271,0,DPOY-10,allenja01
60,Fred VanVleet,29,HOU,PG,73,73,2684,423,1018,.416,227,586,.387,196,432,.454,.527,197,229,.860,33,245,278,589,101,59,126,183,1270,0,0,vanvlfr01
61,Donte DiVincenzo,27,NYK,SG,81,63,2360,445,1004,.443,283,705,.401,162,299,.542,.584,86,114,.754,63,234,297,216,107,36,113,166,1259,0,0,divindo01
63,Jimmy Butler,34,MIA,PF,60,60,2042,396,793,.499,60,145,.414,336,648,.519,.537,394,459,.858,105,213,318,298,79,17,102,68,1246,1,0,butleji01
64,Terry Rozier,29,2TM,SG,61,60,2040,442,998,.443,149,410,.363,293,588,.498,.518,172,198,.869,35,212,247,342,63,21,106,101,1205,0,0,roziete01
65,Tobias Harris,31,PHI,PF,70,70,2368,463,951,.487,91,258,.353,372,693,.537,.535,187,213,.878,80,373,453,217,70,46,93,115,1204,0,0,harrito02
66,James Harden,34,LAC,PG,72,72,2470,352,822,.428,186,488,.381,166,334,.497,.541,302,344,.878,34,335,369,614,77,57,185,127,1192,3,0,hardeja01
67,Scottie Barnes,22,TOR,SG,60,60,2094,447,942,.475,101,296,.341,346,646,.536,.528,196,251,.781,141,353,494,363,75,88,165,118,1191,4,AS,barnesc01
68,Jonathan Kuminga,21,GSW,PF,74,46,1949,456,862,.529,53,165,.321,403,697,.578,.560,223,299,.746,92,263,355,163,55,36,122,169,1188,0,0,kuminjo01
71,RJ Barrett,23,2TM,SG,58,58,1838,436,880,.495,90,250,.360,346,630,.549,.547,208,291,.715,53,262,315,193,31,22,126,129,1170,0,0,barrerj01
72,Immanuel Quickley,24,2TM,SG,68,38,1985,388,894,.434,171,433,.395,217,461,.471,.530,209,245,.853,17,242,259,331,50,10,101,119,1156,0,0,quickim01
73,Kristaps Porziņģis,28,BOS,C,57,57,1690,388,752,.516,110,293,.375,278,459,.606,.589,259,302,.858,97,312,409,115,42,111,89,156,1145,0,0,porzikr01
74,Tim Hardaway Jr.,31,DAL,SF,79,12,2120,392,976,.402,211,597,.353,181,379,.478,.510,144,169,.852,22,232,254,139,42,6,69,106,1139,0,6MOY-9,hardati02
75,Jerami Grant,29,POR,PF,54,54,1830,383,850,.451,111,276,.402,272,574,.474,.516,255,312,.817,37,154,191,152,45,34,116,117,1132,0,0,grantje01
76,Bobby Portis,28,MIL,PF,82,4,2008,466,918,.508,100,246,.407,366,672,.545,.562,98,124,.790,142,465,607,104,68,34,91,189,1130,0,6MOY-3,portibo01
77,Dennis Schröder,30,2TM,PG,80,58,2486,403,927,.435,138,368,.375,265,559,.474,.509,178,213,.836,39,203,242,488,63,17,153,164,1122,0,0,schrode01
78,Malik Monk,25,SAC,SG,72,0,1872,396,893,.443,148,423,.350,248,470,.528,.526,170,205,.829,28,184,212,370,45,39,150,156,1110,0,CPOY-126MOY-2,monkma01
79,Derrick White,29,BOS,SG,73,73,2381,387,839,.461,196,495,.396,191,344,.555,.578,137,152,.901,51,259,310,377,74,87,112,152,1107,1,DPOY-8DEF2,whitede01
80,Deni Avdija,23,WAS,SF,75,75,2257,406,803,.506,88,235,.374,318,568,.560,.560,202,273,.740,84,456,540,286,60,36,160,185,1102,0,0,avdijde01
81,Julius Randle,29,NYK,PF,46,46,1630,395,836,.472,76,244,.311,319,592,.539,.518,236,302,.781,99,324,423,229,25,12,159,125,1102,1,AS,randlju01
82,Naz Reid,24,MIN,PF,81,14,1964,406,851,.477,169,408,.414,237,443,.535,.576,109,148,.736,73,350,423,106,63,73,111,172,1090,0,6MOY-1,reidna01
83,Keldon Johnson,24,SAS,SF,69,27,2038,391,862,.454,127,367,.346,264,495,.533,.527,175,221,.792,95,282,377,195,51,20,100,149,1084,0,0,johnske04
84,Corey Kispert,24,WAS,SF,80,22,2067,386,794,.486,184,480,.383,202,314,.643,.602,114,157,.726,30,195,225,156,41,16,98,141,1070,0,0,kispeco01
85,Rudy Gobert,31,MIN,C,76,76,2593,406,614,.661,0,3,.000,406,611,.664,.661,249,390,.638,285,697,982,102,52,162,118,238,1061,0,DPOY-1DEF1,goberru01
86,Norman Powell,30,LAC,SG,76,3,1990,373,768,.486,167,384,.435,206,384,.536,.594,143,172,.831,16,179,195,82,43,22,66,137,1056,0,6MOY-4,powelno01
87,Kelly Oubre Jr.,28,PHI,SF,68,52,2055,387,878,.441,101,325,.311,286,553,.517,.498,174,232,.750,94,247,341,101,77,47,87,194,1049,0,0,oubreke01
89,Anfernee Simons,24,POR,SG,46,46,1582,360,837,.430,156,405,.385,204,432,.472,.523,163,178,.916,22,145,167,255,23,5,126,98,1039,0,0,simonan01
90,Darius Garland,24,CLE,PG,57,57,1901,375,841,.446,132,356,.371,243,485,.501,.524,146,175,.834,30,122,152,373,74,7,176,95,1028,0,0,garlada01
91,John Collins,26,UTA,PF,68,66,1901,397,746,.532,86,232,.371,311,514,.605,.590,147,185,.795,157,418,575,77,40,61,98,191,1027,0,0,collijo01
92,Grayson Allen,28,PHO,SG,75,74,2513,340,682,.499,205,445,.461,135,237,.570,.649,129,147,.878,48,247,295,227,69,45,95,157,1014,0,0,allengr01
93,Aaron Gordon,28,DEN,PF,73,73,2297,398,716,.556,40,138,.290,358,578,.619,.584,177,269,.658,174,297,471,259,56,45,105,142,1013,0,0,gordoaa01
94,Buddy Hield,31,2TM,SF,84,42,2160,371,850,.436,219,568,.386,152,282,.539,.565,52,59,.881,61,208,269,236,70,42,103,169,1013,0,0,hieldbu01
95,Jonas Valančiūnas,31,NOP,C,82,82,1925,402,719,.559,37,120,.308,365,599,.609,.585,161,205,.785,186,535,721,173,32,68,111,218,1002,0,0,valanjo01
96,Harrison Barnes,31,SAC,PF,82,82,2381,347,732,.474,149,385,.387,198,347,.571,.576,157,196,.801,67,182,249,99,54,12,58,98,1000,0,0,barneha02
97,Desmond Bane,25,MEM,SG,42,42,1443,360,776,.464,137,360,.381,223,416,.536,.552,140,161,.870,36,149,185,230,43,22,112,120,997,0,0,banede01
98,Brook Lopez,35,MIL,C,79,79,2411,366,755,.485,148,404,.366,218,351,.621,.583,110,134,.821,117,292,409,127,43,189,79,191,990,0,0,lopezbr01
99,Josh Giddey,21,OKC,SG,80,80,2011,402,847,.475,82,243,.337,320,604,.530,.523,100,124,.806,111,403,514,386,51,44,168,111,986,3,0,giddejo01
101,Gary Trent Jr.,25,TOR,SG,71,41,1994,361,847,.426,178,453,.393,183,394,.464,.531,74,96,.771,25,163,188,119,77,10,47,96,974,0,0,trentga02
102,Bradley Beal,30,PHO,SG,53,53,1767,377,735,.513,101,235,.430,276,500,.552,.582,109,134,.813,54,178,232,265,52,27,131,127,964,0,0,bealbr01
103,Caris LeVert,29,CLE,SG,68,10,1958,345,820,.421,108,332,.325,237,488,.486,.487,154,201,.766,39,241,280,346,76,34,117,121,952,0,0,leverca01
104,Jalen Suggs,22,ORL,SG,75,75,2025,336,714,.471,153,385,.397,183,329,.556,.578,118,156,.756,48,181,229,205,106,47,132,205,943,0,DPOY-10DEF2,suggsja01
105,Jordan Clarkson,31,UTA,SG,55,19,1682,337,816,.413,91,309,.294,246,507,.485,.469,177,201,.881,49,139,188,277,35,6,146,81,942,1,0,clarkjo01
106,Andrew Wiggins,28,GSW,SF,71,59,1920,353,780,.453,91,254,.358,262,526,.498,.511,142,189,.751,108,213,321,119,42,41,87,147,939,0,0,wiggian01
107,P.J. Washington,25,2TM,PF,73,45,2221,354,811,.436,132,413,.320,222,398,.558,.518,99,145,.683,85,326,411,141,72,59,96,169,939,0,0,washipj01
108,Cole Anthony,23,ORL,PG,81,0,1817,332,763,.435,93,275,.338,239,488,.490,.496,180,218,.826,64,247,311,236,64,37,126,175,937,0,0,anthoco01
109,Ayo Dosunmu,24,CHI,SG,76,37,2212,360,719,.501,119,295,.403,241,424,.568,.583,85,105,.810,54,162,216,242,68,36,103,166,924,0,0,dosunay01
110,Rui Hachimura,25,LAL,PF,68,39,1826,363,676,.537,98,232,.422,265,444,.597,.609,99,134,.739,58,236,294,81,41,25,46,101,923,0,0,hachiru01
111,Deandre Ayton,25,POR,C,55,55,1784,427,749,.570,1,10,.100,426,739,.576,.571,65,79,.823,176,433,609,90,56,42,99,109,920,0,0,aytonde01
112,Dillon Brooks,28,HOU,SF,72,72,2227,329,768,.428,133,370,.359,196,398,.492,.515,124,147,.844,53,193,246,119,64,10,88,241,915,0,0,brookdi01
113,Jalen Johnson,22,ATL,SF,56,52,1889,359,702,.511,71,200,.355,288,502,.574,.562,107,147,.728,74,414,488,203,67,47,101,133,896,1,0,johnsja05
114,De'Andre Hunter,26,ATL,SF,57,37,1681,304,663,.459,117,304,.385,187,359,.521,.547,166,196,.847,31,191,222,87,40,16,83,146,891,0,0,huntede01
115,Malik Beasley,27,MIL,SG,79,77,2337,320,722,.443,224,542,.413,96,180,.533,.598,25,35,.714,41,249,290,108,59,9,54,158,889,0,0,beaslma01
117,Aaron Nesmith,24,IND,SF,72,47,1995,315,635,.496,140,334,.419,175,301,.581,.606,107,137,.781,63,212,275,108,65,49,64,241,877,0,0,nesmiaa01
118,Tyler Herro,24,MIA,SG,42,40,1407,324,735,.441,132,333,.396,192,402,.478,.531,95,111,.856,19,203,222,188,30,3,93,63,875,0,0,herroty01
119,Duncan Robinson,29,MIA,SF,68,36,1905,304,675,.450,187,473,.395,117,202,.579,.589,80,90,.889,15,158,173,192,46,16,95,163,875,0,0,robindu01
120,Mike Conley,36,MIN,PG,76,76,2193,294,644,.457,179,405,.442,115,239,.481,.595,102,112,.911,37,181,218,449,88,17,102,128,869,0,0,conlemi01
122,Moritz Wagner,26,ORL,C,80,1,1415,332,552,.601,38,115,.330,294,437,.673,.636,166,204,.814,117,230,347,96,39,21,97,160,868,0,0,wagnemo01
123,Bojan Bogdanović,34,2TM,PF,57,27,1478,309,681,.454,133,334,.398,176,347,.507,.551,117,149,.785,22,130,152,97,30,5,101,95,868,0,6MOY-9,bogdabo02
124,Saddiq Bey,24,ATL,SF,63,51,2062,290,697,.416,113,358,.316,177,339,.522,.497,170,203,.837,167,244,411,92,51,11,54,88,863,0,0,beysa01
126,Luguentz Dort,24,OKC,SF,79,79,2246,288,657,.438,156,396,.394,132,261,.506,.557,128,155,.826,74,210,284,113,72,47,74,228,860,0,0,dortlu01
127,Jrue Holiday,33,BOS,PG,69,69,2263,331,689,.480,138,322,.429,193,367,.526,.581,60,72,.833,84,289,373,333,61,53,124,108,860,0,DPOY-6DEF2,holidjr01
129,Max Strus,27,CLE,SF,70,70,2239,304,728,.418,168,479,.351,136,249,.546,.533,77,97,.794,66,272,338,283,64,29,112,170,853,1,0,strusma01
130,Obi Toppin,25,IND,PF,82,28,1730,332,579,.573,102,253,.403,230,326,.706,.661,77,100,.770,85,235,320,128,47,43,69,143,843,0,0,toppiob01
131,Trey Murphy III,23,NOP,SF,57,23,1690,275,621,.443,169,445,.380,106,176,.602,.579,123,151,.815,42,238,280,124,51,28,34,70,842,0,0,murphtr02
132,Nic Claxton,24,BRK,C,71,71,2116,366,582,.629,1,5,.200,365,577,.633,.630,108,196,.551,193,513,706,147,46,146,93,175,841,0,0,claxtni01
134,Herbert Jones,25,NOP,SF,76,76,2321,293,588,.498,114,273,.418,179,315,.568,.595,137,158,.867,74,198,272,199,105,62,93,224,837,0,DPOY-5DEF1,joneshe01
135,Clint Capela,29,ATL,C,73,73,1883,353,618,.571,0,1,.000,353,617,.572,.571,130,206,.631,335,441,776,91,43,106,74,164,836,0,0,capelca01
136,Reggie Jackson,33,DEN,PG,82,23,1817,326,756,.431,102,284,.359,224,472,.475,.499,79,98,.806,33,122,155,308,44,13,106,149,833,0,0,jacksre01
137,Jusuf Nurkić,29,PHO,C,76,76,2078,320,627,.510,22,90,.244,298,537,.555,.528,167,261,.640,224,613,837,301,81,80,175,254,829,0,0,nurkiju01
138,Khris Middleton,32,MIL,SF,55,55,1487,317,643,.493,94,247,.381,223,396,.563,.566,100,120,.833,40,217,257,292,51,15,127,141,828,1,0,middlkh01
139,Daniel Gafford,25,2TM,PF,74,66,1815,348,480,.725,0,0,0,348,480,.725,.725,118,175,.674,195,367,562,115,65,153,74,227,814,0,0,gaffoda01
140,Spencer Dinwiddie,30,2TM,PG,76,52,2152,251,640,.392,124,368,.337,127,272,.467,.489,169,210,.805,30,175,205,356,51,22,91,138,795,0,0,dinwisp01
141,Ivica Zubac,26,LAC,C,68,68,1794,337,519,.649,0,0,0,337,519,.649,.649,120,166,.723,196,430,626,93,22,83,79,180,794,0,0,zubaciv01
142,Tyus Jones,27,WAS,PG,66,66,1933,326,666,.489,106,256,.414,220,410,.537,.569,32,40,.800,20,159,179,485,71,18,66,48,790,1,0,jonesty01
143,Payton Pritchard,26,BOS,PG,82,5,1825,297,635,.468,147,382,.385,150,253,.593,.583,46,56,.821,70,195,265,281,39,6,61,106,787,0,0,pritcpa01
144,Evan Mobley,22,CLE,PF,50,50,1532,320,552,.580,22,59,.373,298,493,.604,.600,123,171,.719,111,357,468,160,45,72,90,134,785,0,0,mobleev01
145,Grant Williams,25,2TM,PF,76,43,2130,276,605,.456,126,336,.375,150,269,.558,.560,106,140,.757,86,232,318,174,44,39,109,226,784,0,0,willigr01
146,Zach Collins,26,SAS,C,69,29,1526,298,616,.484,58,181,.320,240,435,.552,.531,122,162,.753,118,252,370,194,34,52,132,206,776,0,0,colliza01
147,Cameron Johnson,27,BRK,PF,58,47,1599,276,619,.446,138,353,.391,138,266,.519,.557,86,109,.789,55,196,251,138,49,15,57,105,776,0,0,johnsca02
148,Tre Jones,24,SAS,PG,77,48,2138,303,600,.505,64,191,.335,239,409,.584,.558,101,118,.856,58,231,289,478,78,9,116,92,771,1,0,jonestr01
149,Georges Niang,30,CLE,PF,82,10,1831,284,632,.449,149,396,.376,135,236,.572,.567,51,60,.850,22,256,278,98,30,18,72,192,768,0,0,niangge01
150,Kentavious Caldwell-Pope,30,DEN,SG,76,76,2402,270,587,.460,125,308,.406,145,279,.520,.566,101,113,.894,31,152,183,183,98,42,75,151,766,0,0,caldwke01
151,Kelly Olynyk,32,2TM,C,78,27,1759,276,497,.555,60,155,.387,216,342,.632,.616,150,180,.833,108,303,411,347,74,30,152,230,762,0,0,olynyke01
152,Josh Hart,28,NYK,SF,81,42,2707,295,679,.434,80,258,.310,215,421,.511,.493,91,115,.791,128,547,675,331,75,23,118,171,761,6,0,hartjo01
153,Jaden McDaniels,23,MIN,SF,72,71,2105,307,628,.489,86,255,.337,221,373,.592,.557,57,79,.722,56,168,224,101,63,42,87,219,757,0,DEF2,mcdanja02
154,Russell Westbrook,35,LAC,PG,68,11,1529,301,663,.454,42,154,.273,259,509,.509,.486,110,160,.688,93,250,343,306,74,23,144,121,754,1,6MOY-7,westbru01
155,Eric Gordon,35,PHO,SG,68,24,1893,274,618,.443,150,397,.378,124,221,.561,.565,51,64,.797,16,106,122,139,66,30,73,79,749,0,0,gordoer01
156,OG Anunoby,26,2TM,SF,50,50,1702,282,577,.489,102,267,.382,180,310,.581,.577,67,89,.753,47,161,208,107,68,36,81,119,733,0,0,anunoog01
157,T.J. McConnell,31,IND,PG,71,4,1291,330,593,.556,18,44,.409,312,549,.568,.572,49,62,.790,36,155,191,390,72,8,108,79,727,0,6MOY-7,mccontj01
158,Bruce Brown,27,2TM,SG,67,44,1866,278,582,.478,53,164,.323,225,418,.538,.523,117,142,.824,53,231,284,192,59,17,86,148,726,0,0,brownbr01
159,Alex Caruso,29,CHI,SG,71,57,2040,253,541,.468,136,333,.408,117,208,.563,.593,73,96,.760,62,211,273,247,120,70,102,181,715,0,DPOY-10DEF2,carusal01
160,Sam Hauser,26,BOS,SF,79,13,1741,249,558,.446,197,465,.424,52,93,.559,.623,17,19,.895,45,231,276,82,40,25,32,99,712,0,0,hausesa01
162,Taurean Prince,29,LAL,PF,78,49,2108,253,572,.442,141,356,.396,112,216,.519,.566,50,68,.735,21,209,230,119,58,35,73,146,697,0,0,princta02
165,Alec Burks,32,2TM,SG,66,1,1212,210,569,.369,124,330,.376,86,239,.360,.478,145,167,.868,24,126,150,88,28,12,48,75,689,0,0,burksal01
167,Andre Drummond,30,CHI,C,79,10,1351,267,480,.556,0,3,.000,267,477,.560,.556,129,218,.592,265,443,708,37,73,48,81,140,663,0,0,drumman01
168,Terance Mann,27,LAC,SG,75,71,1873,254,493,.515,71,204,.348,183,289,.633,.587,79,95,.832,87,167,254,119,43,15,48,145,658,0,0,mannte01
169,Derrick Jones Jr.,26,DAL,SF,76,66,1783,239,495,.483,82,239,.343,157,256,.613,.566,97,136,.713,82,168,250,75,53,51,65,121,657,0,0,jonesde02
170,Nickeil Alexander-Walker,25,MIN,SG,82,20,1921,236,538,.439,131,335,.391,105,203,.517,.560,52,65,.800,35,132,167,204,64,42,76,143,655,0,0,alexani01
171,Kevin Huerter,25,SAC,SG,64,59,1562,248,560,.443,123,341,.361,125,219,.571,.553,36,47,.766,38,186,224,166,45,23,53,135,655,0,0,huertke01
172,Santi Aldama,23,MEM,PF,61,35,1618,247,568,.435,106,304,.349,141,264,.534,.528,54,87,.621,72,280,352,138,43,54,69,89,654,0,0,aldamsa01
173,Nick Richards,26,CHO,C,67,51,1759,260,376,.691,0,1,.000,260,375,.693,.691,132,179,.737,172,367,539,54,26,74,73,176,652,0,0,richani01
174,Isaac Okoro,23,CLE,SF,69,42,1887,235,480,.490,84,215,.391,151,265,.570,.577,93,137,.679,67,139,206,132,57,34,54,140,647,0,0,okorois01
175,Caleb Martin,28,MIA,SF,64,23,1756,241,559,.431,81,232,.349,160,327,.489,.504,77,99,.778,74,207,281,143,47,29,77,126,640,0,0,martica02
177,Isaiah Joe,24,OKC,SG,78,1,1445,222,485,.458,147,353,.416,75,132,.568,.609,45,52,.865,32,148,180,99,46,22,47,87,636,0,0,joeis01
180,Malcolm Brogdon,31,POR,PG,39,25,1121,218,496,.440,82,199,.412,136,297,.458,.522,95,116,.819,28,120,148,214,27,8,60,58,613,0,0,brogdma01
181,Royce O'Neale,30,2TM,SF,79,14,1954,214,539,.397,156,422,.370,58,117,.496,.542,24,35,.686,60,317,377,219,59,44,73,174,608,0,0,onealro01
182,Wendell Carter Jr.,24,ORL,C,55,48,1406,223,425,.525,64,171,.374,159,254,.626,.600,93,134,.694,112,269,381,95,35,28,68,121,603,0,0,cartewe01
183,Jalen Smith,23,IND,C,61,14,1047,234,395,.592,61,144,.424,173,251,.689,.670,72,104,.692,112,225,337,63,17,38,44,124,601,0,0,smithja04
185,Paul Reed,24,PHI,C,82,24,1590,259,480,.540,21,57,.368,238,423,.563,.561,61,85,.718,193,295,488,109,67,84,67,198,600,0,0,reedpa01
188,Marvin Bagley III,24,2TM,C,50,25,1053,239,408,.586,9,23,.391,230,385,.597,.597,96,126,.762,130,182,312,55,20,33,59,81,583,0,0,baglema01
189,Isaiah Hartenstein,25,NYK,C,75,49,1896,235,365,.644,1,3,.333,234,362,.646,.645,111,157,.707,244,382,626,188,87,85,93,210,582,0,0,harteis01
190,Dorian Finney-Smith,30,BRK,PF,68,56,1934,215,511,.421,117,336,.348,98,175,.560,.535,33,46,.717,109,208,317,107,56,38,59,150,580,0,0,finnedo01
192,Cameron Payne,29,2TM,PG,78,10,1304,208,481,.432,104,267,.390,104,214,.486,.541,58,67,.866,21,96,117,205,42,11,66,126,578,0,0,payneca01
193,Lonnie Walker IV,25,BRK,SG,58,0,1011,208,492,.423,104,271,.384,104,221,.471,.528,45,59,.763,13,114,127,74,32,20,51,71,565,0,0,walkelo01
194,Precious Achiuwa,24,2TM,PF,74,18,1624,235,469,.501,26,97,.268,209,372,.562,.529,69,112,.616,191,296,487,97,46,68,83,143,565,0,0,achiupr01
195,Al Horford,37,BOS,C,65,33,1740,214,419,.511,108,258,.419,106,161,.658,.640,26,30,.867,82,331,413,168,38,62,48,93,562,0,0,horfoal01
196,Miles McBride,23,NYK,PG,68,14,1328,205,454,.452,109,266,.410,96,188,.511,.572,43,50,.860,31,69,100,114,50,7,30,108,562,0,0,mcbrimi01
197,Onyeka Okongwu,23,ATL,C,55,8,1405,223,365,.611,23,69,.333,200,296,.676,.642,92,116,.793,145,231,376,74,26,60,45,162,561,0,0,okongon01
199,Dalano Banton,24,2TM,PG,54,9,1047,202,500,.404,59,199,.296,143,301,.475,.463,94,120,.783,41,137,178,127,33,20,77,64,557,0,0,bantoda01
201,Jakob Poeltl,28,TOR,C,50,50,1319,248,378,.656,0,0,0,248,378,.656,.656,59,107,.551,146,283,429,127,35,76,77,149,555,0,0,poeltja01
202,Aaron Wiggins,25,OKC,SG,78,4,1228,212,377,.562,62,126,.492,150,251,.598,.645,56,71,.789,60,126,186,86,56,19,56,91,542,0,0,wiggiaa01
204,Moses Moody,21,GSW,SG,66,9,1156,194,420,.462,72,200,.360,122,220,.555,.548,73,93,.785,65,131,196,57,42,24,44,90,533,0,0,moodymo01
205,Chris Paul,38,GSW,PG,58,18,1531,206,467,.441,78,210,.371,128,257,.498,.525,43,52,.827,18,207,225,393,70,6,76,108,533,0,0,paulch01
210,LaMelo Ball,22,CHO,PG,22,22,711,183,423,.433,70,197,.355,113,226,.500,.515,90,104,.865,29,84,113,176,40,4,83,79,526,1,0,ballla01
214,Talen Horton-Tucker,23,UTA,PG,51,11,1009,184,465,.396,60,182,.330,124,283,.438,.460,88,109,.807,21,100,121,177,45,19,65,94,516,0,0,hortota01
216,Aaron Holiday,27,HOU,PG,78,1,1269,186,417,.446,84,217,.387,102,200,.510,.547,58,63,.921,23,100,123,140,42,6,53,125,514,0,0,holidaa01
219,Jeff Green,37,HOU,PF,78,6,1307,167,366,.456,53,160,.331,114,206,.553,.529,122,149,.819,46,132,178,70,16,31,46,100,509,0,0,greenje02
220,Kyle Anderson,30,MIN,PF,79,10,1782,199,433,.460,11,48,.229,188,385,.488,.472,97,137,.708,60,213,273,331,71,47,91,128,506,0,0,anderky01
222,Isaiah Stewart,22,DET,PF,46,45,1423,186,382,.487,67,175,.383,119,207,.575,.575,64,85,.753,74,231,305,73,17,38,66,99,503,0,0,stewais01
223,Gordon Hayward,33,2TM,SF,51,28,1245,187,403,.464,37,90,.411,150,313,.479,.510,89,120,.742,38,143,181,158,40,13,66,67,500,0,0,haywago01
224,Cedi Osman,28,SAS,SF,72,3,1269,184,384,.479,86,221,.389,98,163,.601,.591,35,52,.673,25,155,180,119,36,11,47,107,489,0,0,osmande01
225,Zach LaVine,28,CHI,SG,25,23,872,170,376,.452,59,169,.349,111,207,.536,.531,88,103,.854,8,121,129,98,21,8,52,57,487,0,0,lavinza01
226,Kyle Lowry,37,2TM,PG,60,55,1690,163,377,.432,98,250,.392,65,127,.512,.562,63,75,.840,34,160,194,253,59,21,85,146,487,0,0,lowryky01
227,Kevin Love,35,MIA,PF,55,5,924,158,359,.440,84,244,.344,74,115,.643,.557,85,108,.787,59,279,338,115,18,10,48,97,485,0,0,loveke01
228,Sam Merrill,27,CLE,SG,61,1,1069,158,393,.402,143,354,.404,15,39,.385,.584,26,28,.929,22,98,120,108,19,4,19,72,485,0,0,merrisa01
230,Draymond Green,33,GSW,PF,55,52,1490,185,372,.497,51,129,.395,134,243,.551,.566,54,74,.730,76,322,398,332,55,47,135,166,475,1,0,greendr01
231,Josh Green,23,DAL,SG,57,33,1505,179,374,.479,72,187,.385,107,187,.572,.575,39,57,.684,40,144,184,130,47,9,60,107,469,0,0,greenjo02
232,Naji Marshall,26,NOP,SF,66,1,1257,170,367,.463,58,150,.387,112,217,.516,.542,68,86,.791,53,187,240,128,49,12,65,91,466,0,0,marshna01
233,Amir Coffey,26,LAC,SF,70,13,1460,166,352,.472,70,184,.380,96,168,.571,.571,61,71,.859,29,119,148,76,41,14,33,102,463,0,0,coffeam01
235,Patrick Beverley,35,2TM,PG,73,13,1462,158,379,.417,61,181,.337,97,198,.490,.497,74,90,.822,49,190,239,212,43,31,65,128,451,0,0,beverpa01
237,Trendon Watford,23,BRK,PF,63,2,856,164,311,.527,27,68,.397,137,243,.564,.571,77,97,.794,52,142,194,81,23,19,63,106,432,0,0,watfotr01
238,Luke Kennard,27,MEM,SG,39,22,999,141,315,.448,107,238,.450,34,77,.442,.617,40,45,.889,11,102,113,136,20,2,54,39,429,0,0,kennalu01
239,Patrick Williams,22,CHI,PF,43,30,1174,159,359,.443,59,148,.399,100,211,.474,.525,52,66,.788,46,120,166,66,40,33,57,87,429,0,0,willipa01
240,Pat Connaughton,31,MIL,SF,76,3,1676,151,347,.435,82,238,.345,69,109,.633,.553,44,58,.759,51,188,239,161,40,19,49,99,428,0,0,connapa01
242,Josh Richardson,30,MIA,SG,43,6,1103,154,347,.444,66,190,.347,88,157,.561,.539,51,54,.944,18,103,121,105,24,14,36,76,425,0,0,richajo01
245,De'Anthony Melton,25,PHI,SG,38,33,1023,139,360,.386,77,214,.360,62,146,.425,.493,66,79,.835,28,113,141,114,60,16,39,84,421,0,0,meltode01
246,Ziaire Williams,22,MEM,SF,51,15,1038,150,378,.397,58,189,.307,92,189,.487,.474,62,75,.827,35,145,180,75,36,9,66,85,420,0,0,willizi02
247,Trey Lyles,28,SAC,PF,58,0,1158,143,321,.445,84,219,.384,59,102,.578,.576,49,70,.700,61,196,257,72,17,19,38,86,419,0,0,lylestr01
248,Day'Ron Sharpe,22,BRK,C,61,1,921,168,294,.571,4,15,.267,164,279,.588,.578,75,123,.610,161,228,389,85,24,44,70,131,415,0,0,sharpda01
249,Haywood Highsmith,27,MIA,PF,66,26,1366,153,329,.465,76,192,.396,77,137,.562,.581,23,36,.639,65,145,210,70,53,30,34,117,405,0,0,highsha01
250,Jose Alvarado,25,NOP,PG,56,0,1028,142,345,.412,78,207,.377,64,138,.464,.525,35,52,.673,25,103,128,117,59,15,40,89,397,0,6MOY-6,alvarjo01
252,Isaiah Jackson,22,IND,C,59,3,771,155,233,.665,0,4,.000,155,229,.677,.665,73,102,.716,94,144,238,50,34,61,39,137,383,0,0,jacksis01
253,Tre Mann,22,2TM,PG,41,28,987,145,316,.459,47,126,.373,98,190,.516,.533,45,59,.763,20,129,149,165,51,3,65,48,382,0,0,manntr01
254,Malachi Flynn,25,3TM,PG,69,0,876,136,325,.418,56,169,.331,80,156,.513,.505,52,71,.732,21,93,114,130,38,8,63,66,380,0,0,flynnma01
255,Drew Eubanks,26,PHO,C,75,6,1169,152,253,.601,3,3,1.000,149,250,.596,.607,72,93,.774,103,219,322,63,27,61,61,115,379,0,0,eubandr01
257,Davion Mitchell,25,SAC,PG,72,4,1101,146,323,.452,57,158,.361,89,165,.539,.540,30,42,.714,19,76,95,134,17,3,43,85,379,0,0,mitchda01
259,Daniel Theis,31,2TM,C,60,3,1015,156,293,.532,26,71,.366,130,222,.586,.577,38,50,.760,85,159,244,61,21,51,42,127,376,0,0,theisda01
260,Gary Harris,29,ORL,SG,54,27,1297,131,297,.441,76,205,.371,55,92,.598,.569,34,45,.756,24,67,91,87,49,14,31,91,372,0,0,harriga01
261,Dennis Smith Jr.,26,BRK,PG,56,2,1059,147,338,.435,32,109,.294,115,229,.502,.482,43,58,.741,50,114,164,203,68,12,68,121,369,0,0,smithde03
262,Jordan Goodwin,25,2TM,PG,57,12,1055,141,382,.369,42,141,.298,99,241,.411,.424,44,59,.746,88,165,253,155,48,18,56,76,368,0,0,goodwjo01
263,Jordan Nwora,25,2TM,SF,52,1,712,138,299,.462,44,131,.336,94,168,.560,.535,44,53,.830,28,121,149,62,26,13,53,48,364,0,0,nworajo01
264,Quentin Grimes,23,2TM,SG,51,18,1025,122,328,.372,81,240,.338,41,88,.466,.495,34,45,.756,15,85,100,66,35,7,28,75,359,0,0,grimequ01
265,Jevon Carter,28,CHI,PG,72,0,1004,138,365,.378,77,234,.329,61,131,.466,.484,4,7,.571,11,49,60,94,37,16,36,71,357,0,0,carteje01
266,Kris Dunn,29,UTA,PG,66,32,1249,147,313,.470,41,111,.369,106,202,.525,.535,22,32,.688,50,139,189,254,68,28,79,135,357,0,0,dunnkr01
268,Matisse Thybulle,26,POR,SF,65,19,1487,126,317,.397,80,231,.346,46,86,.535,.524,22,29,.759,30,106,136,90,113,49,40,93,354,0,0,thybuma01
270,Doug McDermott,32,2TM,SF,64,0,904,123,284,.433,94,229,.410,29,55,.527,.599,11,19,.579,10,49,59,70,16,2,28,64,351,0,0,mcderdo01
271,Larry Nance Jr.,31,NOP,C,61,0,1216,138,241,.573,27,65,.415,111,176,.631,.629,47,61,.770,94,213,307,113,61,19,49,98,350,0,0,nancela02
272,Christian Wood,28,LAL,PF,50,1,872,123,264,.466,35,114,.307,88,150,.587,.532,66,94,.702,39,215,254,49,16,33,50,72,347,0,0,woodch01
273,Markelle Fultz,25,ORL,PG,43,18,910,154,326,.472,4,18,.222,150,308,.487,.479,23,33,.697,56,82,138,120,42,15,50,65,335,0,0,fultzma01
274,Luke Kornet,28,BOS,C,63,7,983,142,203,.700,1,1,1.000,141,202,.698,.702,49,54,.907,118,143,261,67,23,61,21,77,334,0,0,kornelu01
275,Kevon Looney,27,GSW,C,74,36,1195,139,233,.597,0,1,.000,139,232,.599,.597,56,83,.675,143,276,419,133,28,29,50,155,334,0,0,looneke01
276,Chimezie Metu,26,2TM,C,51,12,859,123,244,.504,28,94,.298,95,150,.633,.561,58,64,.906,41,153,194,46,43,16,52,71,332,0,0,metuch01
277,Landry Shamet,26,WAS,SG,46,5,726,118,274,.431,53,157,.338,65,117,.556,.527,38,46,.826,16,46,62,54,25,10,30,76,327,0,0,shamela01
278,Garrison Mathews,27,ATL,SG,66,5,992,103,226,.456,85,193,.440,18,33,.545,.644,34,42,.810,17,75,92,37,20,8,19,115,325,0,0,mathega01
279,Kenrich Williams,29,OKC,PF,69,1,1029,131,280,.468,56,141,.397,75,139,.540,.568,7,14,.500,61,148,209,93,38,9,32,101,325,0,0,willike04
280,Chris Boucher,31,TOR,PF,50,0,705,110,217,.507,31,94,.330,79,123,.642,.578,71,92,.772,62,145,207,23,14,24,28,68,322,0,0,bouchch01
281,Nicolas Batum,35,2TM,PF,60,38,1529,116,256,.453,73,185,.395,43,71,.606,.596,15,21,.714,70,178,248,128,48,38,40,109,320,0,0,batumni01
283,Marcus Morris,34,2TM,PF,49,7,817,116,264,.439,48,119,.403,68,145,.469,.530,36,44,.818,23,111,134,36,15,13,30,74,316,0,0,morrima03
284,Jae Crowder,33,MIL,PF,50,25,1156,114,270,.422,58,166,.349,56,104,.538,.530,26,36,.722,31,130,161,66,38,9,23,74,312,0,0,crowdja01
285,Goga Bitadze,24,ORL,C,62,33,957,126,209,.603,2,14,.143,124,195,.636,.608,57,87,.655,109,177,286,79,32,72,44,107,311,0,0,bitadgo01
287,Torrey Craig,33,CHI,SF,53,14,1049,108,251,.430,60,153,.392,48,98,.490,.550,27,36,.750,69,148,217,58,30,21,32,110,303,0,0,craigto01
288,Jaxson Hayes,23,LAL,C,70,5,877,126,175,.720,0,8,.000,126,167,.754,.720,51,82,.622,69,142,211,33,34,29,43,123,303,0,0,hayesja02
291,Joe Ingles,36,ORL,SF,68,0,1169,99,227,.436,70,161,.435,29,66,.439,.590,28,34,.824,18,124,142,203,43,5,67,88,296,0,0,inglejo01
293,Dean Wade,27,CLE,PF,54,32,1108,96,232,.414,79,202,.391,17,30,.567,.584,20,26,.769,37,181,218,43,40,25,20,93,291,0,0,wadede01
294,Dāvis Bertāns,31,2TM,PF,43,1,674,92,234,.393,76,200,.380,16,34,.471,.556,30,33,.909,9,52,61,35,26,12,18,56,290,0,0,bertada01
295,Killian Hayes,22,DET,PG,42,31,1008,117,283,.413,22,74,.297,95,209,.455,.452,33,50,.660,11,108,119,205,36,20,51,75,289,0,0,hayeski01
296,Marcus Smart,29,MEM,PG,20,20,605,102,237,.430,42,134,.313,60,103,.583,.519,43,56,.768,6,47,53,86,41,5,62,53,289,0,0,smartma01
299,Xavier Tillman Sr.,25,2TM,PF,54,15,974,121,279,.434,20,81,.247,101,198,.510,.470,22,50,.440,70,141,211,77,51,44,34,75,284,0,0,tillmxa01
300,Bruno Fernando,25,ATL,C,45,2,682,109,187,.583,0,4,.000,109,183,.596,.583,64,96,.667,59,134,193,46,25,28,44,107,282,0,0,fernabr01
302,Josh Okogie,25,PHO,SG,60,11,960,86,206,.417,29,94,.309,57,112,.509,.488,76,102,.745,74,80,154,64,48,24,36,68,277,0,0,okogijo01
304,Jock Landale,28,HOU,C,56,3,763,106,206,.515,10,40,.250,96,166,.578,.539,52,65,.800,88,84,172,65,20,33,31,74,274,0,0,landajo01
305,Lamar Stevens,26,2TM,PF,38,3,559,108,240,.450,14,46,.304,94,194,.485,.479,42,54,.778,36,91,127,28,23,22,24,45,272,0,0,stevela01
308,Jae'Sean Tate,28,HOU,SF,65,9,1031,108,229,.472,23,77,.299,85,152,.559,.522,26,39,.667,61,136,197,64,42,15,37,137,265,0,0,tateja01
309,Cam Reddish,24,LAL,SF,48,26,984,91,234,.389,37,110,.336,54,124,.435,.468,41,54,.759,27,72,99,48,47,14,31,64,260,0,0,reddica01
310,Bones Hyland,23,LAC,PG,37,5,540,97,251,.386,44,135,.326,53,116,.457,.474,18,23,.783,5,50,55,93,26,4,44,51,256,0,0,hylanbo01
311,Mo Bamba,25,PHI,C,57,17,740,97,198,.490,25,64,.391,72,134,.537,.553,34,50,.680,77,161,238,41,22,60,39,101,253,0,0,bambamo01
315,Jared Butler,23,WAS,SG,40,0,566,98,201,.488,24,78,.308,74,123,.602,.547,31,36,.861,9,49,58,126,29,8,50,58,251,0,0,butleja02
316,Troy Brown Jr.,24,2TM,SF,59,15,827,84,226,.372,47,141,.333,37,85,.435,.476,32,37,.865,25,119,144,60,24,3,30,42,247,0,0,browntr01
317,Mason Plumlee,33,LAC,C,46,11,674,87,153,.569,0,6,.000,87,147,.592,.569,70,99,.707,60,174,234,55,14,17,36,68,244,0,0,plumlma01
320,Gary Payton II,31,GSW,SG,44,0,680,103,183,.563,20,55,.364,83,128,.648,.617,14,23,.609,46,67,113,48,39,18,27,77,240,0,0,paytoga02
321,John Konchar,27,MEM,SF,55,23,1173,88,208,.423,38,120,.317,50,88,.568,.514,21,25,.840,72,185,257,110,51,51,46,76,235,0,0,konchjo01
322,Justin Holiday,34,DEN,SG,58,9,862,88,194,.454,55,136,.404,33,58,.569,.595,3,4,.750,9,62,71,67,36,9,14,69,234,0,0,holidju01
323,Chris Duarte,26,SAC,SF,59,11,719,80,210,.381,44,127,.346,36,83,.434,.486,26,33,.788,26,80,106,44,28,8,26,80,230,0,0,duartch01
325,Ja Morant,24,MEM,PG,9,9,318,80,170,.471,14,51,.275,66,119,.555,.512,52,64,.813,6,44,50,73,7,5,27,19,226,0,0,moranja01
326,Seth Curry,33,2TM,SG,44,4,616,80,204,.392,38,108,.352,42,96,.438,.485,28,31,.903,18,50,68,44,22,6,21,39,226,0,0,curryse01
328,KJ Martin,23,2TM,SF,60,2,746,97,181,.536,8,28,.286,89,153,.582,.558,22,41,.537,41,90,131,51,22,12,32,100,224,0,0,martike04
329,Bol Bol,24,PHO,PF,43,0,469,93,151,.616,22,52,.423,71,99,.717,.689,15,19,.789,32,105,137,17,10,25,19,42,223,0,0,bolbo01
330,Kevin Knox,24,DET,SF,31,11,560,86,186,.462,31,94,.330,55,92,.598,.546,20,22,.909,18,57,75,23,13,7,22,50,223,0,0,knoxke01
331,Omer Yurtseven,25,UTA,C,48,12,545,99,184,.538,5,24,.208,94,160,.588,.552,19,28,.679,72,136,208,29,8,18,37,52,222,0,0,yurtsom01
332,Evan Fournier,31,2TM,SG,32,0,580,79,221,.357,33,130,.254,46,91,.505,.432,29,36,.806,5,53,58,48,29,7,21,48,220,0,0,fournev01
333,Thomas Bryant,26,MIA,C,38,4,441,86,149,.577,4,22,.182,82,127,.646,.591,41,47,.872,40,101,141,23,10,16,21,46,217,0,0,bryanth01
334,Shake Milton,27,3TM,SG,48,0,581,79,195,.405,18,64,.281,61,131,.466,.451,40,49,.816,14,61,75,60,19,6,31,54,216,0,0,miltosh01
338,Cody Martin,28,CHO,SF,28,22,753,82,215,.381,27,86,.314,55,129,.426,.444,20,33,.606,19,90,109,104,32,18,44,48,211,0,0,martico01
339,Delon Wright,31,2TM,PG,47,1,742,74,188,.394,25,68,.368,49,120,.408,.460,37,45,.822,19,67,86,119,54,11,14,32,210,0,0,wrighde01
340,Dwight Powell,32,DAL,C,63,9,836,72,106,.679,1,3,.333,71,103,.689,.684,63,89,.708,97,117,214,84,26,20,32,113,208,0,0,poweldw01
341,Eugene Omoruyi,26,WAS,SF,43,0,393,81,167,.485,13,46,.283,68,121,.562,.524,32,49,.653,35,50,85,35,27,5,21,62,207,0,0,omorueu01
342,Oshae Brissett,25,BOS,SF,55,1,630,68,153,.444,15,55,.273,53,98,.541,.493,50,83,.602,61,99,160,44,19,8,20,54,201,0,0,brissos01
343,JT Thor,21,CHO,PF,63,3,781,80,183,.437,28,81,.346,52,102,.510,.514,11,20,.550,43,103,146,29,11,27,15,60,199,0,0,thorjt01
344,Richaun Holmes,30,2TM,C,40,10,555,82,147,.558,1,3,.333,81,144,.563,.561,34,47,.723,71,111,182,25,11,19,24,74,199,0,0,holmeri01
345,Keita Bates-Diop,28,2TM,SF,53,8,665,72,166,.434,21,69,.304,51,97,.526,.497,32,42,.762,31,79,110,38,25,22,15,35,197,0,0,bateske01
346,Jordan McLaughlin,27,MIN,PG,56,0,626,70,145,.483,42,89,.472,28,56,.500,.628,13,18,.722,18,54,72,110,35,7,19,31,195,0,0,mclaujo01
347,Maxi Kleber,32,DAL,C,43,7,871,63,146,.432,32,92,.348,31,54,.574,.541,33,47,.702,30,113,143,68,17,30,28,79,191,0,0,klebima01
348,Derrick Rose,35,MEM,PG,24,7,399,76,165,.461,15,41,.366,61,124,.492,.506,24,27,.889,7,38,45,78,8,2,31,21,191,0,0,rosede01
349,Sandro Mamukelashvili,24,SAS,C,46,5,451,73,155,.471,19,64,.297,54,91,.593,.532,25,34,.735,45,102,147,49,7,12,19,35,190,0,0,mamuksa01
350,Anthony Gill,31,WAS,PF,50,3,466,75,160,.469,10,41,.244,65,119,.546,.500,29,36,.806,37,57,94,34,13,11,23,48,189,0,0,gillan01
351,Zeke Nnaji,23,DEN,PF,58,0,576,69,149,.463,6,23,.261,63,126,.500,.483,42,62,.677,61,65,126,32,15,38,27,81,186,0,0,nnajize01
352,JaVale McGee,36,SAC,C,46,0,339,79,132,.598,1,7,.143,78,125,.624,.602,26,45,.578,42,84,126,17,14,20,34,46,185,0,0,mcgeeja01
355,Bismack Biyombo,31,2TM,C,40,27,791,74,131,.565,0,0,0,74,131,.565,.565,26,54,.481,62,147,209,53,11,37,42,89,174,0,0,biyombi01
358,Mitchell Robinson,25,NYK,C,31,21,768,73,127,.575,0,0,0,73,127,.575,.575,27,66,.409,142,121,263,18,37,35,25,55,173,0,0,robinmi01
360,Jalen McDaniels,26,TOR,SF,50,1,538,65,189,.344,12,71,.169,53,118,.449,.376,27,37,.730,18,61,79,37,19,6,30,52,169,0,0,mcdanja01
362,Brandon Boston Jr.,22,LAC,SF,32,0,345,65,161,.404,14,52,.269,51,109,.468,.447,23,33,.697,19,33,52,13,11,8,24,40,167,0,0,bostobr01
364,Monte Morris,28,2TM,PG,33,0,476,62,153,.405,27,70,.386,35,83,.422,.493,13,19,.684,7,50,57,69,19,9,7,14,164,0,0,morrimo01
365,Jaden Springer,21,2TM,SG,49,2,507,59,148,.399,10,48,.208,49,100,.490,.432,35,42,.833,33,45,78,44,36,15,34,66,163,0,0,sprinja01
366,Svi Mykhailiuk,26,BOS,SF,41,2,413,57,137,.416,42,108,.389,15,29,.517,.569,6,9,.667,11,40,51,35,11,1,12,19,162,0,0,mykhasv01
368,Mike Muscala,32,3TM,C,53,6,600,56,156,.359,28,96,.292,28,60,.467,.449,17,25,.680,39,86,125,36,9,13,22,52,157,0,0,muscami01
370,Skylar Mays,26,2TM,SG,38,5,433,63,159,.396,16,54,.296,47,105,.448,.447,13,17,.765,10,33,43,85,21,4,20,26,155,0,0,mayssk01
371,Neemias Queta,24,BOS,C,28,0,333,67,104,.644,0,0,0,67,104,.644,.644,20,28,.714,53,69,122,20,13,21,13,50,154,0,0,quetane01
374,Nassir Little,23,PHO,SF,45,2,458,57,124,.460,21,70,.300,36,54,.667,.544,17,20,.850,14,61,75,21,10,10,14,39,152,0,0,littlna01
375,Matt Ryan,26,NOP,SF,28,1,390,49,113,.434,41,91,.451,8,22,.364,.615,13,14,.929,6,34,40,18,6,1,19,32,152,0,0,ryanma01
376,Jarred Vanderbilt,24,LAL,PF,29,6,581,59,114,.518,8,27,.296,51,87,.586,.553,24,36,.667,41,97,138,36,36,5,28,43,150,0,0,vandeja01
377,Aleksej Pokusevski,22,2TM,PF,28,0,405,49,121,.405,18,55,.327,31,66,.470,.479,30,41,.732,17,72,89,35,15,13,19,22,146,0,0,pokusal01
379,Danuel House Jr.,30,PHI,SF,34,4,509,47,105,.448,15,50,.300,32,55,.582,.519,35,46,.761,16,42,58,28,15,5,19,45,144,0,0,houseda01
381,DeAndre Jordan,35,DEN,C,36,2,396,58,93,.624,0,0,0,58,93,.624,.624,26,53,.491,54,103,157,26,6,16,23,56,142,0,0,jordade01
382,Ish Smith,35,CHO,PG,43,5,741,66,158,.418,4,8,.500,62,150,.413,.430,3,4,.750,11,65,76,145,17,4,47,49,139,0,0,smithis01
383,Lindy Waters III,26,OKC,SG,38,0,280,49,104,.471,37,85,.435,12,19,.632,.649,2,2,1.000,7,33,40,24,5,7,7,23,137,0,0,waterli01
384,Thaddeus Young,35,2TM,PF,33,6,439,65,108,.602,1,7,.143,64,101,.634,.606,6,15,.400,46,57,103,57,23,5,15,49,137,0,0,youngth01
386,Vit Krejci,23,ATL,PG,22,14,541,51,104,.490,28,68,.412,23,36,.639,.625,5,6,.833,11,41,52,50,13,6,20,48,135,0,0,krejcvi01
390,Robert Covington,33,2TM,PF,29,6,488,43,98,.439,19,56,.339,24,42,.571,.536,22,26,.846,31,66,97,24,39,18,11,56,127,0,0,covinro01
391,Patty Mills,35,2TM,PG,32,5,415,46,131,.351,24,87,.276,22,44,.500,.443,11,11,1.000,9,26,35,34,20,1,16,32,127,0,0,millspa02
394,Alex Len,30,SAC,C,48,0,444,50,81,.617,0,3,.000,50,78,.641,.617,20,34,.588,46,82,128,50,11,33,27,66,120,0,0,lenal01
396,Yuta Watanabe,29,2TM,SF,34,0,464,41,116,.353,25,85,.294,16,31,.516,.461,10,17,.588,11,43,54,15,12,7,19,39,117,0,0,watanyu01
398,Jeremiah Robinson-Earl,23,NOP,PF,39,1,334,45,95,.474,13,39,.333,32,56,.571,.542,12,16,.750,23,53,76,21,10,4,16,24,115,0,0,robinje02
399,Devonte' Graham,28,SAS,PG,23,0,313,38,108,.352,25,83,.301,13,25,.520,.468,13,16,.813,5,31,36,49,9,2,17,14,114,0,0,grahade01
400,Isaiah Livers,25,DET,PF,23,6,469,40,116,.345,22,77,.286,18,39,.462,.440,12,18,.667,15,33,48,25,13,5,16,43,114,0,0,liveris01
401,Javonte Green,30,CHI,SF,9,5,230,45,75,.600,10,27,.370,35,48,.729,.667,10,13,.769,20,47,67,5,10,8,7,19,110,0,0,greenja02
402,Wesley Matthews,37,ATL,SG,36,3,413,34,97,.351,24,69,.348,10,28,.357,.474,18,24,.750,9,44,53,23,16,11,8,43,110,0,0,matthwe02
403,Damian Jones,28,CLE,C,39,0,270,43,72,.597,3,14,.214,40,58,.690,.618,18,21,.857,20,42,62,15,7,13,13,27,107,0,0,jonesda03
404,Chuma Okeke,25,ORL,SF,47,8,432,40,112,.357,23,82,.280,17,30,.567,.460,4,7,.571,18,62,80,20,9,7,16,19,107,0,0,okekech01
406,Luka Garza,25,MIN,C,25,0,122,36,75,.480,9,32,.281,27,43,.628,.540,18,25,.720,19,12,31,4,4,1,6,24,99,0,0,garzalu01
409,Reggie Bullock,32,HOU,SF,44,0,417,34,82,.415,27,67,.403,7,15,.467,.579,1,1,1.000,6,67,73,15,12,5,10,29,96,0,0,bullore01
411,Kessler Edwards,23,SAC,SF,54,0,275,34,82,.415,20,52,.385,14,30,.467,.537,5,9,.556,9,33,42,15,10,4,4,26,93,0,0,edwarke02
413,Jericho Sims,25,NYK,C,45,11,585,38,55,.691,0,0,0,38,55,.691,.691,16,24,.667,56,91,147,25,8,19,16,45,92,0,0,simsje01
415,Justin Champagnie,22,WAS,SF,15,1,235,32,78,.410,13,45,.289,19,33,.576,.494,12,15,.800,19,34,53,19,10,9,10,14,89,0,0,champju01
417,Kira Lewis Jr.,22,3TM,PG,28,0,265,34,92,.370,4,33,.121,30,59,.508,.391,17,20,.850,9,17,26,37,9,2,14,13,89,0,0,lewiski01
418,Furkan Korkmaz,26,PHI,SG,35,0,300,30,76,.395,14,40,.350,16,36,.444,.487,14,20,.700,4,26,30,25,14,3,10,17,88,0,0,korkmfu01
419,Garrett Temple,37,TOR,SG,27,2,289,29,78,.372,12,40,.300,17,38,.447,.449,18,22,.818,18,27,45,28,12,3,14,28,88,0,0,templga01
422,Trent Forrest,25,ATL,SG,38,0,414,34,90,.378,2,10,.200,32,80,.400,.389,13,17,.765,11,40,51,92,11,3,20,25,83,0,0,forretr01
426,Jaylen Nowell,24,2TM,SG,13,1,214,34,78,.436,6,29,.207,28,49,.571,.474,7,9,.778,6,18,24,19,4,2,7,15,81,0,0,nowelja01
429,Cody Zeller,31,NOP,C,43,0,320,26,62,.419,1,3,.333,25,59,.424,.427,23,38,.605,48,64,112,39,9,5,16,45,76,0,0,zelleco01
430,Moses Brown,24,POR,C,22,5,200,33,65,.508,0,0,0,33,65,.508,.508,9,31,.290,37,49,86,7,5,7,11,27,75,0,0,brownmo01
432,Saben Lee,24,PHO,PG,24,0,185,20,55,.364,2,16,.125,18,39,.462,.382,29,39,.744,9,22,31,30,7,3,8,13,71,0,0,leesa01
434,Brandon Clarke,27,MEM,PF,6,1,134,33,59,.559,1,6,.167,32,53,.604,.568,1,7,.143,13,19,32,9,5,6,3,8,68,0,0,clarkbr01
435,Markieff Morris,34,DAL,PF,26,1,216,23,68,.338,15,42,.357,8,26,.308,.449,5,6,.833,4,35,39,16,5,3,12,12,66,0,0,morrima02
437,Charles Bassey,23,SAS,C,19,0,205,29,40,.725,0,1,.000,29,39,.744,.725,5,6,.833,23,53,76,21,8,17,15,31,63,0,0,bassech01
438,Cory Joseph,32,GSW,PG,26,0,296,23,64,.359,13,42,.310,10,22,.455,.461,4,7,.571,6,24,30,42,4,3,12,25,63,0,0,josepco01
441,Théo Maledon,22,2TM,PG,17,1,213,20,70,.286,5,30,.167,15,40,.375,.321,14,15,.933,4,20,24,28,7,0,18,21,59,0,0,maledth01
444,Micah Potter,25,UTA,PF,16,0,186,19,40,.475,9,21,.429,10,19,.526,.588,6,8,.750,10,33,43,6,4,6,5,14,53,0,0,pottemi01
445,Jeff Dowtin,26,PHI,PG,12,0,142,20,36,.556,9,19,.474,11,17,.647,.681,3,4,.750,3,17,20,27,7,1,5,1,52,0,0,dowtije01
447,P.J. Tucker,38,2TM,PF,31,10,486,18,50,.360,13,35,.371,5,15,.333,.490,3,3,1.000,28,57,85,16,16,7,8,54,52,0,0,tuckepj01
448,James Bouknight,23,CHO,SG,14,0,81,18,41,.439,13,30,.433,5,11,.455,.598,1,2,.500,1,8,9,6,1,1,2,3,50,0,0,bouknja01
450,Darius Bazley,23,2TM,PF,9,0,152,18,30,.600,2,8,.250,16,22,.727,.633,10,12,.833,8,20,28,7,6,7,8,3,48,0,0,bazleda01
454,Terry Taylor,24,CHI,PF,31,0,188,20,39,.513,2,9,.222,18,30,.600,.538,4,5,.800,17,20,37,10,5,2,7,17,46,0,0,taylote01
456,Boban Marjanović,35,HOU,C,14,0,71,18,34,.529,0,2,.000,18,32,.563,.529,9,14,.643,7,25,32,6,1,2,5,5,45,0,0,marjabo01
459,Dylan Windler,27,3TM,SF,17,0,108,15,30,.500,13,27,.481,2,3,.667,.717,0,0,0,3,13,16,10,2,0,2,6,43,0,0,windldy01
466,Robert Williams,26,POR,C,6,0,119,17,26,.654,0,0,0,17,26,.654,.654,7,9,.778,11,27,38,5,7,7,7,17,41,0,0,williro04
467,Trevelin Queen,26,ORL,SG,14,0,165,14,38,.368,3,17,.176,11,21,.524,.408,9,12,.750,3,17,20,18,7,5,7,15,40,0,0,queentr01
468,Joe Harris,32,DET,SG,16,0,170,14,39,.359,10,30,.333,4,9,.444,.487,1,2,.500,3,10,13,10,3,2,4,19,39,0,0,harrijo01
469,Otto Porter Jr.,30,TOR,SF,15,1,174,14,33,.424,8,23,.348,6,10,.600,.545,3,3,1.000,6,23,29,8,5,5,2,19,39,0,0,porteot01
473,Udoka Azubuike,24,PHO,C,16,0,113,16,23,.696,0,0,0,16,23,.696,.696,3,13,.231,11,21,32,3,1,6,4,17,35,0,0,azubuud01
477,Olivier Sarr,24,OKC,C,15,0,98,11,19,.579,2,6,.333,9,13,.692,.632,10,15,.667,10,26,36,2,0,7,3,18,34,0,0,sarrol01
478,Gabe Vincent,27,LAL,PG,11,0,218,15,49,.306,3,28,.107,12,21,.571,.337,1,2,.500,4,5,9,21,9,0,5,19,34,0,0,vincega01
479,Taj Gibson,38,2TM,PF,20,1,204,15,37,.405,2,10,.200,13,27,.481,.432,2,2,1.000,12,25,37,11,3,7,5,31,34,0,0,gibsota01
482,Xavier Moon,29,LAC,SG,14,1,119,15,46,.326,2,17,.118,13,29,.448,.348,1,2,.500,8,10,18,21,3,3,5,8,33,0,0,moonxa01
483,Thanasis Antetokounmpo,31,MIL,PF,34,0,155,16,30,.533,0,1,.000,16,29,.552,.533,0,2,.000,7,6,13,17,7,4,14,24,32,0,0,antetth01
485,Keon Johnson,21,BRK,SG,5,0,61,8,21,.381,4,10,.400,4,11,.364,.476,11,12,.917,3,4,7,3,3,1,5,5,31,0,0,johnske07
490,Daishen Nix,21,MIN,PG,15,0,50,9,24,.375,6,17,.353,3,7,.429,.500,3,6,.500,1,2,3,6,5,0,5,2,27,0,0,nixda01
491,David Duke Jr.,24,SAS,SG,4,0,51,10,18,.556,3,6,.500,7,12,.583,.639,3,3,1.000,2,8,10,5,2,0,3,4,26,0,0,dukeda01
494,Admiral Schofield,26,ORL,PF,23,0,84,10,26,.385,6,16,.375,4,10,.400,.500,0,2,.000,3,14,17,7,1,0,5,9,26,0,0,schofad01
500,Jay Huff,25,DEN,C,20,0,49,9,15,.600,3,9,.333,6,6,1.000,.700,2,2,1.000,2,9,11,2,2,3,1,9,23,0,0,huffja01
502,Ish Wainright,29,2TM,SF,11,0,62,7,24,.292,7,20,.350,0,4,.000,.438,2,2,1.000,3,11,14,1,4,1,2,8,23,0,0,wainris01
504,Braxton Key,26,DEN,SF,20,0,60,7,17,.412,2,5,.400,5,12,.417,.471,6,8,.750,3,15,18,9,2,1,1,5,22,0,0,keybr01
511,Robin Lopez,35,MIL,C,16,2,65,7,19,.368,2,8,.250,5,11,.455,.421,2,2,1.000,3,2,5,4,1,3,2,7,18,0,0,lopezro01
514,Wenyen Gabriel,26,MEM,PF,5,0,81,8,22,.364,1,6,.167,7,16,.438,.386,0,5,.000,7,18,25,3,2,2,8,10,17,0,0,gabriwe01
516,Greg Brown III,22,DAL,PF,6,0,40,5,11,.455,1,3,.333,4,8,.500,.500,4,9,.444,3,6,9,4,0,4,4,5,15,0,0,browngr01
527,Mamadi Diakite,27,2TM,PF,6,0,24,4,6,.667,0,1,.000,4,5,.800,.667,4,6,.667,1,3,4,2,1,1,1,2,12,0,0,diakima01
535,R.J. Hampton,22,MIA,PG,8,2,76,4,14,.286,1,8,.125,3,6,.500,.321,1,2,.500,2,4,6,8,0,0,3,8,10,0,0,hamptrj01
537,James Johnson,36,IND,PF,9,0,47,3,10,.300,0,2,.000,3,8,.375,.300,2,2,1.000,1,3,4,8,5,1,5,9,8,0,0,johnsja01
541,Juan Toscano-Anderson,30,SAC,SF,11,0,53,3,12,.250,1,4,.250,2,8,.250,.292,0,0,0,4,10,14,4,1,1,2,11,7,0,0,toscaju01
544,Lindell Wigginton,25,MIL,PG,3,0,8,2,5,.400,0,2,.000,2,3,.667,.400,2,2,1.000,0,0,0,0,0,0,1,1,6,0,0,wiggili01
545,Frank Ntilikina,25,CHO,PG,5,0,43,1,9,.111,1,8,.125,0,1,.000,.167,2,2,1.000,1,5,6,4,0,0,1,4,5,0,0,ntilila01
549,Ty Jerome,26,CLE,SG,2,0,15,2,4,.500,0,1,.000,2,3,.667,.500,0,0,0,1,0,1,3,0,0,1,2,4,0,0,jeromty01
553,Usman Garuba,21,GSW,PF,6,0,18,1,6,.167,0,1,.000,1,5,.200,.167,1,2,.500,3,4,7,1,1,3,2,2,3,0,0,garubus01
557,Hamidou Diallo,25,WAS,SG,2,0,5,1,2,.500,0,0,0,1,2,.500,.500,0,0,0,2,0,2,1,2,0,1,1,2,0,0,diallha01
558,Shaquille Harrison,30,MEM,SG,3,0,6,1,2,.500,0,0,0,1,2,.500,.500,0,0,0,0,2,2,0,0,1,0,0,2,0,0,harrish01
561,Joshua Primo,21,LAC,SG,2,0,10,1,3,.333,0,1,.000,1,2,.500,.333,0,0,0,1,0,1,0,0,1,4,0,2,0,0,primojo01
563,Ryan Arcidiacono,29,NYK,PG,20,0,45,0,6,.000,0,6,.000,0,0,0,.000,0,0,0,0,8,8,4,2,0,2,5,0,0,0,arcidry01
568,Danny Green,36,PHI,SG,2,0,18,0,2,.000,0,1,.000,0,1,.000,.000,0,0,0,0,2,2,1,1,0,0,1,0,0,0,greenda02
570,Justin Jackson,28,MIN,SF,2,0,1,0,0,0,0,0,0,0,0,0,0,0,0,0,0,0,0,0,0,0,0,0,0,0,0,jacksju01
0,League Average,0,0,0,0,0,0,0,0,.474,0,0,.366,0,0,.545,.547,0,0,.784,0,0,0,0,0,0,0,0,0,0,0,-9999
